DATE,total_vol_m,baseline,overnight_model,robustARMA_model,combined_model,combinedVIX_model,overnightVIX_model,robustVIX_model,baseline_error,overnight_error,robustARMA_error,combined_error,combinedVIX_error,overnightVIX_error,robustVIX_error
2021-01-04,381380.0,238505.0,245750.0,262168.0,262168.0,262800.0,246343.0,246343.0,0.37462635691436363,0.355629555823588,0.3125806282447952,0.3125806282447952,0.3109234883842886,0.3540746761759925,0.3540746761759925
2021-01-05,371749.0,280925.0,293157.0,320622.0,320622.0,327662.0,299594.0,299594.0,0.24431538484299892,0.21141146311086242,0.13753096847604163,0.13753096847604163,0.1185934595654595,0.19409601639816113,0.19409601639816113
2021-01-06,539773.0,306050.0,314320.0,329876.0,329876.0,334582.0,318804.0,318804.0,0.43300239174615995,0.41768113632953113,0.3888616140488687,0.3888616140488687,0.380143134243469,0.4093739405268511,0.4093739405268511
2021-01-07,337373.0,368851.0,376179.0,411241.0,411241.0,416593.0,381074.0,381074.0,0.09330325781849763,0.11502402385490244,0.2189505384248295,0.2189505384248295,0.23481428567194174,0.12953318730307403,0.12953318730307403
2021-01-08,329450.0,335799.0,337544.0,331027.0,331027.0,330998.0,337515.0,337515.0,0.019271513127940506,0.024568219760206404,0.004786765821824253,0.004786765821824253,0.00469874032478373,0.02448019426316588,0.02448019426316588
2021-01-11,180886.0,321902.0,318904.0,310748.0,310748.0,309699.0,317828.0,317828.0,0.7795849319460876,0.7630109571774488,0.7179217849916522,0.7179217849916522,0.7121225523257743,0.7570624592284644,0.7570624592284644
2021-01-12,155525.0,247966.0,244664.0,217285.0,217285.0,219166.0,246781.0,246781.0,0.5943803247066388,0.5731490114129562,0.39710657450570647,0.39710657450570647,0.4092010930718534,0.5867609709049992,0.5867609709049992
2021-01-13,324546.0,208787.0,204271.0,183329.0,183329.0,184255.0,205303.0,205303.0,0.3566797926950263,0.37059461524714526,0.43512167766664817,0.43512167766664817,0.43226846117345463,0.3674147886586185,0.3674147886586185
2021-01-14,269682.0,255950.0,254759.0,236655.0,236655.0,236574.0,254672.0,254672.0,0.05091923079775439,0.05533554334364177,0.12246646049791977,0.12246646049791977,0.12276681424789196,0.05565814551953783,0.05565814551953783
2021-01-15,252553.0,261116.0,260064.0,263815.0,263815.0,265076.0,261307.0,261307.0,0.0339057544357026,0.02974029213670002,0.0445926201628965,0.0445926201628965,0.049585631530807396,0.0346620313359968,0.0346620313359968
2021-01-19,179978.0,260051.0,255733.0,253239.0,253239.0,255658.0,258177.0,258177.0,0.444904377201658,0.42091255597906413,0.4070553067597151,0.4070553067597151,0.42049583838024646,0.43449199346586803,0.43449199346586803
2021-01-20,250834.0,224056.0,222038.0,206942.0,206942.0,207817.0,222978.0,222978.0,0.10675586244289052,0.1148010237846544,0.17498425253354807,0.17498425253354807,0.17149588971192103,0.11105352543913505,0.11105352543913505
2021-01-21,168654.0,224963.0,237893.0,238420.0,238420.0,237547.0,237021.0,237021.0,0.33387289954581567,0.410538736110617,0.41366347670378406,0.41366347670378406,0.4084871986433764,0.40536838734924757,0.40536838734924757
2021-01-22,203715.0,203213.0,209663.0,196885.0,196885.0,195928.0,208643.0,208643.0,0.002464226983776354,0.029197653584664852,0.03352723167169821,0.03352723167169821,0.03822497116069018,0.024190658518027635,0.024190658518027635
2021-01-25,272328.0,209020.0,213524.0,209550.0,209550.0,209210.0,213178.0,213178.0,0.23246966892864487,0.21593078934226373,0.23052348638406628,0.23052348638406628,0.23177198084662612,0.21720131606004525,0.21720131606004525
2021-01-26,163188.0,233230.0,241654.0,250893.0,250893.0,252172.0,242886.0,242886.0,0.4292104811628306,0.48083192391597424,0.5374476064416501,0.5374476064416501,0.545285192538667,0.48838149863960584,0.48838149863960584
2021-01-27,319297.0,219010.0,238723.0,194939.0,223756.0,234187.0,249852.0,208867.0,0.3140868846246598,0.25234812729214495,0.3894743765209194,0.29922298048525353,0.26655433655812616,0.21749343088096662,0.34585354701109
2021-01-28,197990.0,256577.0,254092.0,244608.0,244608.0,262651.0,272835.0,272835.0,0.2959088842870852,0.28335774534067376,0.23545633617859488,0.23545633617859488,0.32658720137380676,0.37802414263346634,0.37802414263346634
2021-01-29,321971.0,236684.0,229650.0,221348.0,221348.0,229895.0,238518.0,238518.0,0.26489031620860265,0.2867370042643592,0.3125219352053446,0.3125219352053446,0.28597606616744986,0.25919415102602406,0.25919415102602406
2021-02-01,346071.0,269164.0,265431.0,277797.0,277797.0,291341.0,278372.0,278372.0,0.22222896457663313,0.2330157684405801,0.19728321644980365,0.19728321644980365,0.15814673867501178,0.19562170768426132,0.19562170768426132
2021-02-02,322776.0,289422.0,331246.0,306141.0,347559.0,352991.0,336423.0,302226.0,0.10333482043274593,0.026241108384762186,0.05153728901777084,0.07678080154658339,0.0936098098991251,0.0422800951743624,0.06366644360175477
2021-02-03,393785.0,292136.0,296832.0,302172.0,302172.0,306280.0,300868.0,300868.0,0.2581332452988306,0.24620795611818633,0.2326472567517808,0.2326472567517808,0.22221516817552725,0.23595870843226635,0.23595870843226635
2021-02-04,521082.0,314717.0,323011.0,336271.0,336271.0,336675.0,323398.0,323398.0,0.39603171861626385,0.38011483797175877,0.35466778741157823,0.35466778741157823,0.35389247757550635,0.379372152559482,0.379372152559482
2021-02-05,281274.0,353412.0,375054.0,404580.0,404580.0,403073.0,373658.0,373658.0,0.25646878133065976,0.33341154888116215,0.4383839245717699,0.4383839245717699,0.43302615954549656,0.3284484168462069,0.3284484168462069
2021-02-08,290597.0,311078.0,316292.0,302579.0,302579.0,299631.0,313211.0,313211.0,0.07047904830400864,0.08842142210690407,0.041232359590773475,0.041232359590773475,0.03108772630137269,0.07781911031428404,0.07781911031428404
2021-02-09,200343.0,294135.0,295506.0,284554.0,284554.0,282305.0,293170.0,293170.0,0.4681571105553975,0.4750003743579761,0.4203341269722426,0.4203341269722426,0.4091083791297924,0.4633403712632835,0.4633403712632835
2021-02-10,280063.0,260751.0,247420.0,227954.0,227954.0,226559.0,245906.0,245906.0,0.06895591349089313,0.11655591777564334,0.18606170754437396,0.18606170754437396,0.19104272967153818,0.12196184429931836,0.12196184429931836
2021-02-11,240006.0,273720.0,260931.0,258964.0,258964.0,257823.0,259781.0,259781.0,0.14047148821279468,0.08718532036699082,0.07898969192436855,0.07898969192436855,0.07423564410889728,0.08239377348899611,0.08239377348899611
2021-02-12,200800.0,258570.0,251446.0,245959.0,245959.0,243915.0,249356.0,249356.0,0.287699203187251,0.2522211155378486,0.2248954183266932,0.2248954183266932,0.21471613545816734,0.24181274900398406,0.24181274900398406
2021-02-16,148449.0,238339.0,230072.0,219511.0,219511.0,216253.0,226658.0,226658.0,0.6055278243706593,0.5498386651307856,0.47869638731146724,0.47869638731146724,0.4567494560421424,0.5268408679074968,0.5268408679074968
2021-02-17,184448.0,207551.0,196145.0,180201.0,180201.0,178826.0,194647.0,194647.0,0.12525481436502428,0.06341624739764053,0.02302545975017349,0.02302545975017349,0.030480135322692576,0.05529471721027065,0.05529471721027065
2021-02-18,155484.0,208216.0,199493.0,193490.0,193490.0,192054.0,198012.0,198012.0,0.339147436392169,0.2830452007923645,0.24443672660852564,0.24443672660852564,0.23520104962568497,0.2735201049625685,0.2735201049625685
2021-02-19,125290.0,194128.0,187617.0,179028.0,179028.0,178566.0,187133.0,187133.0,0.5494293239683933,0.49746188841886824,0.4289089312794317,0.4289089312794317,0.42522148615212707,0.4935988506664538,0.4935988506664538
2021-02-22,126405.0,172072.0,167373.0,155224.0,155224.0,154588.0,166687.0,166687.0,0.36127526601004706,0.32410110359558564,0.2279893991535145,0.2279893991535145,0.222957952612634,0.31867410308136546,0.31867410308136546
2021-02-23,288674.0,162295.0,159546.0,149880.0,149880.0,150169.0,159854.0,159854.0,0.43779141869375143,0.4473142714619259,0.4807984092782862,0.4807984092782862,0.47979727997672117,0.44624732397098454,0.44624732397098454
2021-02-24,195523.0,216041.0,219372.0,194753.0,194753.0,194813.0,219439.0,219439.0,0.1049390608777484,0.12197541977158698,0.0039381556134060955,0.0039381556134060955,0.003631286344828997,0.1223180904548314,0.1223180904548314
2021-02-25,202044.0,214916.0,214041.0,213390.0,213390.0,211548.0,212192.0,212192.0,0.06370889509215814,0.05937815525331116,0.056156084813209,0.056156084813209,0.04703925877531627,0.050226683296707646,0.050226683296707646
2021-02-26,236331.0,210161.0,214488.0,211674.0,211674.0,218334.0,221237.0,221237.0,0.11073452065112067,0.09242545413001256,0.10433248283128324,0.10433248283128324,0.07615166863424604,0.06386804947298493,0.06386804947298493
2021-03-01,175813.0,231430.0,228844.0,229907.0,229907.0,235962.0,234871.0,234871.0,0.3163417949753431,0.301632985046612,0.30767918185799686,0.30767918185799686,0.34211918345059805,0.3359137265162417,0.3359137265162417
2021-03-02,168136.0,202764.0,208784.0,200595.0,200595.0,200974.0,209179.0,209179.0,0.2059523243088928,0.2417566731693391,0.19305205309987153,0.19305205309987153,0.19530618071085312,0.24410596184041491,0.24410596184041491
2021-03-03,246878.0,188008.0,197099.0,188301.0,188301.0,189375.0,198223.0,198223.0,0.2384578617778822,0.2016340054601868,0.23727104075697308,0.23727104075697308,0.23292071387486937,0.1970811493936276,0.1970811493936276
2021-03-04,281844.0,211428.0,224496.0,227672.0,227672.0,232011.0,228774.0,228774.0,0.2498403372078171,0.20347426235790012,0.1922056172918352,0.1922056172918352,0.1768105760633542,0.18829565291437816,0.18829565291437816
2021-03-05,365882.0,231428.0,250263.0,258044.0,258044.0,265662.0,257651.0,257651.0,0.36747913261652665,0.31600078713902297,0.29473436791096586,0.29473436791096586,0.2739134475049333,0.29580848470271837,0.29580848470271837
2021-03-08,248858.0,262094.0,291296.0,307759.0,307759.0,310731.0,294110.0,294110.0,0.0531869580242548,0.17053098554195564,0.23668517789261345,0.23668517789261345,0.2486277314773887,0.18183863890250665,0.18183863890250665
2021-03-09,308681.0,244102.0,266125.0,262663.0,262663.0,266229.0,269738.0,269738.0,0.2092095075498654,0.13786400847476846,0.14907947039176367,0.14907947039176367,0.13752709107460453,0.1261593684094583,0.1261593684094583
2021-03-10,259291.0,257021.0,279243.0,282153.0,282153.0,283836.0,280909.0,280909.0,0.008754642467343641,0.076948293616053,0.0881712053252909,0.0881712053252909,0.09466198209733466,0.08337350698635895,0.08337350698635895
2021-03-11,226787.0,250500.0,265790.0,262128.0,262128.0,261673.0,265329.0,265329.0,0.10456066705763557,0.17198075727444695,0.1558334472434487,0.1558334472434487,0.15382715940508054,0.16994801289315525,0.16994801289315525
2021-03-12,333493.0,230320.0,246564.0,239089.0,239089.0,237869.0,245306.0,245306.0,0.3093708113813483,0.2606621428335827,0.28307640640133375,0.28307640640133375,0.28673465410068577,0.26443433595307847,0.26443433595307847
2021-03-15,216810.0,258358.0,279511.0,286645.0,286645.0,282884.0,275844.0,275844.0,0.1916332272496656,0.28919791522531246,0.3221023015543564,0.3221023015543564,0.3047553157142198,0.2722844887228449,0.2722844887228449
2021-03-16,294548.0,228422.0,247098.0,239621.0,239621.0,235987.0,243351.0,243351.0,0.2244999117291579,0.16109428683949645,0.18647894400912585,0.18647894400912585,0.1988164917093309,0.17381547319961432,0.17381547319961432
2021-03-17,325214.0,254827.0,265557.0,267906.0,267906.0,263536.0,261226.0,261226.0,0.21643287189358393,0.18343921233403235,0.1762162760520765,0.1762162760520765,0.18965358194911658,0.19675659719446273,0.19675659719446273
2021-03-18,267542.0,274810.0,285071.0,292164.0,292164.0,286587.0,279630.0,279630.0,0.027165828169035143,0.06551868491676073,0.09203041017858878,0.09203041017858878,0.07118508495862332,0.045181691098967636,0.045181691098967636
2021-03-19,748541.0,263510.0,271522.0,269212.0,269212.0,267439.0,269733.0,269733.0,0.6479685147506951,0.6372650262310281,0.6403510295361243,0.6403510295361243,0.6427196372676981,0.6396550088772692,0.6396550088772692
2021-03-22,324021.0,412479.0,403918.0,340945.0,340945.0,337456.0,399784.0,399784.0,0.27300082402066533,0.24657969699494786,0.05223118254681024,0.05223118254681024,0.04146336194259014,0.233821264671117,0.233821264671117
2021-03-23,281527.0,337798.0,340740.0,294439.0,294439.0,288220.0,333543.0,333543.0,0.1998778092332174,0.2103279614388673,0.04586416222955525,0.04586416222955525,0.02377391866499483,0.1847638059582207,0.1847638059582207
2021-03-24,324131.0,292445.0,299443.0,277867.0,277867.0,273973.0,295247.0,295247.0,0.09775677118202208,0.07616673505465382,0.14273241374629395,0.14273241374629395,0.1547460748894737,0.08911211824848596,0.08911211824848596
2021-03-25,362965.0,303455.0,300014.0,294728.0,294728.0,291979.0,297216.0,297216.0,0.16395520229223204,0.17343545520917994,0.187998842863637,0.187998842863637,0.19557257586819665,0.18114418745609082,0.18114418745609082
2021-03-26,489752.0,324199.0,314260.0,318627.0,318627.0,313654.0,309354.0,309354.0,0.3380343520802365,0.35832829677061045,0.3494115389013215,0.3494115389013215,0.3595656577206423,0.36834561165651186,0.36834561165651186
2021-03-29,470112.0,377445.0,363350.0,384651.0,384651.0,376039.0,355215.0,355215.0,0.19711685725954667,0.22709907426315432,0.1817885950581989,0.1817885950581989,0.20010763392553263,0.24440346130283847,0.24440346130283847
2021-03-30,326592.0,398122.0,380013.0,396161.0,396161.0,391648.0,375684.0,375684.0,0.2190194493435234,0.1635710611405056,0.21301501567705272,0.21301501567705272,0.1991965510484029,0.15031599059376838,0.15031599059376838
2021-03-31,503295.0,351047.0,334093.0,328665.0,328665.0,323073.0,328408.0,328408.0,0.302502508469188,0.33618851766856417,0.3469734449974667,0.3469734449974667,0.3580842249575299,0.3474840799133709,0.3474840799133709
2021-04-01,326369.0,405110.0,377276.0,393681.0,393681.0,386749.0,370632.0,370632.0,0.24126372296388443,0.1559798877957159,0.20624507842350223,0.20624507842350223,0.18500531606862172,0.13562256219187485,0.13562256219187485
2021-04-05,309240.0,349802.0,333535.0,326985.0,326985.0,317637.0,323999.0,323999.0,0.13116673134135298,0.0785635752166602,0.0573826154443151,0.0573826154443151,0.027153667054714784,0.047726684775578836,0.047726684775578836
2021-04-06,392119.0,322645.0,309092.0,301490.0,301490.0,293935.0,301347.0,301347.0,0.1771758063241006,0.21173929342878056,0.231126265240909,0.231126265240909,0.25039337548040264,0.23149095045126608,0.23149095045126608
2021-04-07,318333.0,363477.0,329838.0,336679.0,336679.0,328697.0,322018.0,322018.0,0.1418137610615299,0.03614139910094147,0.0576314739596586,0.0576314739596586,0.03255710215403367,0.011575928351757437,0.011575928351757437
2021-04-08,308357.0,334670.0,311589.0,309077.0,309077.0,300353.0,302794.0,302794.0,0.08533290958207532,0.01048135764714276,0.002334955911492199,0.002334955911492199,0.02595692654942161,0.018040777410598754,0.018040777410598754
2021-04-09,430687.0,327577.0,300136.0,296598.0,296598.0,287937.0,291372.0,291372.0,0.23940820131557256,0.3031226853840492,0.31133746781305216,0.31133746781305216,0.3314471994743282,0.3234715698407428,0.3234715698407428
2021-04-12,433164.0,385537.0,339030.0,353687.0,353687.0,342702.0,328501.0,328501.0,0.10995142717307994,0.21731722857855224,0.1834801599394225,0.1834801599394225,0.20884006981189573,0.24162441938849952,0.24162441938849952
2021-04-13,258367.0,400423.0,358168.0,372703.0,372703.0,361829.0,347718.0,347718.0,0.5498225392561743,0.3862761111132614,0.44253329566082356,0.44253329566082356,0.4004458773759807,0.3458297692816807,0.3458297692816807
2021-04-14,269451.0,320878.0,295753.0,282770.0,282770.0,274066.0,286649.0,286649.0,0.19085844921711184,0.09761329518168424,0.04943013757603423,0.04943013757603423,0.017127418343223816,0.06382607598413069,0.06382607598413069
2021-04-15,223134.0,307379.0,277497.0,268620.0,268620.0,260763.0,269380.0,269380.0,0.3775533984063388,0.2436338702304445,0.203850600984162,0.203850600984162,0.16863857592298798,0.20725662606326242,0.20725662606326242
2021-04-16,159538.0,275331.0,249774.0,238594.0,238594.0,230865.0,241682.0,241682.0,0.725802003284484,0.5656081936591909,0.4955308453158495,0.4955308453158495,0.4470847070917274,0.5148867354486079,0.5148867354486079
2021-04-19,433356.0,228588.0,207162.0,190818.0,190818.0,184542.0,200348.0,200348.0,0.47251682219699276,0.5219588513831585,0.559673801678066,0.559673801678066,0.5741561210644366,0.5376826442924524,0.5376826442924524
2021-04-20,245808.0,330737.0,290731.0,234239.0,234239.0,227842.0,282791.0,282791.0,0.34550950335220987,0.1827564603267591,0.047065189090672394,0.047065189090672394,0.07308956584000521,0.15045482653127645,0.15045482653127645
2021-04-21,204817.0,288216.0,265363.0,233373.0,233373.0,228536.0,259862.0,259862.0,0.407187879912312,0.29561022766664874,0.13942202063305292,0.13942202063305292,0.11580581689996436,0.2687521055381145,0.2687521055381145
2021-04-22,395876.0,257865.0,236874.0,218509.0,218509.0,212743.0,230623.0,230623.0,0.34862179066172233,0.4016459699501864,0.4480367589851368,0.4480367589851368,0.4626019258555709,0.41743626792227867,0.41743626792227867
2021-04-23,417118.0,332626.0,295400.0,280074.0,280074.0,274192.0,289196.0,289196.0,0.20256138550721858,0.29180711453353725,0.3285497149487675,0.3285497149487675,0.34265124017664067,0.30668060357021276,0.30668060357021276
2021-04-26,276591.0,363668.0,332376.0,352906.0,352906.0,343119.0,323158.0,323158.0,0.31482224656622954,0.20168769048884455,0.27591280988896966,0.27591280988896966,0.24052843368005467,0.16836050341478934,0.16836050341478934
2021-04-27,206210.0,308337.0,295444.0,289092.0,289092.0,281392.0,287574.0,287574.0,0.4952572620144513,0.4327336210659037,0.40193007128655256,0.40193007128655256,0.36458949614470687,0.3945686436157315,0.3945686436157315
2021-04-28,271733.0,256743.0,249068.0,232167.0,232167.0,225825.0,242263.0,242263.0,0.05516444450986814,0.08340908170888335,0.14560616487507957,0.14560616487507957,0.16894525140487168,0.10845204667817306,0.10845204667817306
2021-04-29,314937.0,276620.0,259107.0,256264.0,256264.0,248964.0,251726.0,251726.0,0.12166560296186221,0.17727354994808486,0.18630075221393486,0.18630075221393486,0.2094799912363425,0.20070998326649456,0.20070998326649456
2021-04-30,350930.0,293594.0,279939.0,285917.0,285917.0,278121.0,272306.0,272306.0,0.16338301085686605,0.20229390476733253,0.18525916849514149,0.18525916849514149,0.20747442509902259,0.22404468127546803,0.22404468127546803
2021-05-03,300296.0,318008.0,404392.0,313378.0,418529.0,446107.0,431039.0,295911.0,0.05898180461944215,0.3466446439513014,0.04356368383195247,0.3937215280922823,0.4855575831845912,0.43538042464768095,0.014602259104350375
2021-05-04,207171.0,304013.0,293878.0,293366.0,293366.0,286161.0,286660.0,286660.0,0.46744959477919207,0.4185286550723798,0.41605726670238596,0.41605726670238596,0.38127923309729644,0.3836878713719584,0.3836878713719584
2021-05-05,171274.0,252156.0,249179.0,233063.0,233063.0,228582.0,244388.0,244388.0,0.47223746744981726,0.454855961792216,0.36076111960951457,0.36076111960951457,0.3345983628571762,0.42688323972114856,0.42688323972114856
2021-05-06,320547.0,219099.0,214391.0,196205.0,196205.0,192099.0,209905.0,209905.0,0.31648401014515815,0.3311714038814901,0.38790567373895246,0.38790567373895246,0.4007150277494408,0.34516623147307574,0.34516623147307574
2021-05-07,166943.0,279409.0,260601.0,247570.0,247570.0,241284.0,253985.0,253985.0,0.6736790401514289,0.5610178324338247,0.4829612502470903,0.4829612502470903,0.4453076798667809,0.521387539459576,0.521387539459576
2021-05-10,209281.0,218576.0,216274.0,183869.0,183869.0,177739.0,209063.0,209063.0,0.044413969734471835,0.03341440455655315,0.12142526077379218,0.12142526077379218,0.15071602295478329,0.0010416616893076773,0.0010416616893076773
2021-05-11,199137.0,223315.0,219173.0,208998.0,208998.0,204801.0,214772.0,214772.0,0.12141390098274052,0.1006141500574981,0.04951867307431567,0.04951867307431567,0.02844273038159659,0.07851378699086559,0.07851378699086559
2021-05-12,153005.0,222430.0,215963.0,209035.0,209035.0,207029.0,213890.0,213890.0,0.4537433417208588,0.4114767491258456,0.36619718309859156,0.36619718309859156,0.3530865004411621,0.3979281722819516,0.3979281722819516
2021-05-13,152065.0,196528.0,192225.0,178840.0,178840.0,182138.0,195770.0,195770.0,0.2923946996350245,0.26409758984644727,0.17607602012297374,0.17607602012297374,0.19776411403018446,0.28740998914937693,0.28740998914937693
2021-05-14,155499.0,189975.0,182485.0,172032.0,172032.0,171582.0,182008.0,182008.0,0.2217120367333552,0.17354452440208618,0.10632222715258619,0.10632222715258619,0.10342831786699593,0.1704769805593605,0.1704769805593605
2021-05-17,169207.0,192117.0,179995.0,172355.0,172355.0,168273.0,175732.0,175732.0,0.13539628975160603,0.06375622757923727,0.01860443125875407,0.01860443125875407,0.005519866199388914,0.038562234422925765,0.038562234422925765
2021-05-18,157050.0,190331.0,185212.0,180989.0,180989.0,177717.0,181863.0,181863.0,0.21191340337472142,0.17931868831582298,0.15242916268704235,0.15242916268704235,0.13159503342884432,0.1579942693409742,0.1579942693409742
2021-05-19,261748.0,185838.0,181649.0,175251.0,175251.0,173484.0,179817.0,179817.0,0.29001176704311016,0.30601570976664577,0.33045906750003823,0.33045906750003823,0.3372098354142152,0.3130148081360698,0.3130148081360698
2021-05-20,202966.0,232164.0,223537.0,228602.0,228602.0,227233.0,222199.0,222199.0,0.14385660652523083,0.10135195057300238,0.12630686913079037,0.12630686913079037,0.11956189706650375,0.09475971344954327,0.09475971344954327
2021-05-21,134377.0,212108.0,218929.0,217029.0,217029.0,214035.0,215909.0,215909.0,0.5784546462564278,0.6292148209887108,0.615075496550749,0.615075496550749,0.5927948979364028,0.6067407368820557,0.6067407368820557
2021-05-24,180427.0,168754.0,182652.0,167456.0,167456.0,164663.0,179605.0,179605.0,0.06469652546459233,0.012331857205407174,0.07189057070172425,0.07189057070172425,0.08737051549934323,0.004555859156334695,0.004555859156334695
2021-05-25,195398.0,183944.0,191347.0,186654.0,186654.0,181893.0,186467.0,186467.0,0.058618819025783274,0.020732044340269602,0.044749690375541204,0.044749690375541204,0.06911534406698124,0.045706711430004404,0.045706711430004404
2021-05-26,146224.0,195830.0,201739.0,200752.0,200752.0,196075.0,197039.0,197039.0,0.33924663529926685,0.3796572382098698,0.3729073202757413,0.3729073202757413,0.3409221468431995,0.3475147718568771,0.3475147718568771
2021-05-27,127113.0,171295.0,182651.0,172520.0,172520.0,167283.0,177107.0,177107.0,0.34758049924083295,0.43691833250729667,0.3572175937944978,0.3572175937944978,0.3160180312005853,0.3933035960129963,0.3933035960129963
2021-05-28,142870.0,152948.0,164980.0,153031.0,153031.0,147947.0,159500.0,159500.0,0.07053965143137117,0.15475607195352417,0.07112059914607685,0.07112059914607685,0.03553580177783999,0.11639952404283614,0.11639952404283614
2021-06-01,264070.0,153735.0,165655.0,158868.0,158868.0,153718.0,160285.0,160285.0,0.4178248191767334,0.37268527284432157,0.3983867913810732,0.3983867913810732,0.4178891960465028,0.3930207899420608,0.3930207899420608
2021-06-02,302264.0,203235.0,215193.0,211169.0,211169.0,205463.0,209378.0,209378.0,0.32762419606701426,0.288062753090014,0.30137561866447876,0.30137561866447876,0.3202531561813514,0.3073009025222984,0.3073009025222984
2021-06-03,264893.0,233956.0,255030.0,272721.0,272721.0,264771.0,247596.0,247596.0,0.11679055316675035,0.037233901990615076,0.029551554778721973,0.029551554778721973,0.0004605633217940829,0.06529806374649387,0.06529806374649387
2021-06-04,148858.0,230682.0,258500.0,262431.0,262431.0,255478.0,251652.0,251652.0,0.5496782168240874,0.7365543000712088,0.7629620174931814,0.7629620174931814,0.7162530733988096,0.6905507261954346,0.6905507261954346
2021-06-07,206124.0,171755.0,203987.0,185285.0,185285.0,178891.0,196947.0,196947.0,0.16673943839630515,0.0103675457491607,0.10109933826240515,0.10109933826240515,0.13211950088296365,0.044521744192815974,0.044521744192815974
2021-06-08,174465.0,190812.0,211877.0,206902.0,206902.0,199708.0,204511.0,204511.0,0.09369787636488694,0.2144384260453386,0.18592267790101166,0.18592267790101166,0.14468804631301407,0.17221792336571806,0.17221792336571806
2021-06-09,240996.0,179355.0,200635.0,192455.0,192455.0,186380.0,194303.0,194303.0,0.2557760294776677,0.16747580872711582,0.2014182808013411,0.2014182808013411,0.22662616806917957,0.19375010373616158,0.19375010373616158
2021-06-10,162934.0,205479.0,224652.0,228681.0,228681.0,222404.0,218485.0,218485.0,0.26111799869885965,0.37879141247376236,0.40351921636981847,0.40351921636981847,0.3649944149164692,0.34094173100764724,0.34094173100764724
2021-06-11,173158.0,179406.0,199771.0,189407.0,189407.0,182587.0,192577.0,192577.0,0.03608265283729311,0.15369200383464812,0.09383915268136615,0.09383915268136615,0.05445315838713776,0.11214613243396204,0.11214613243396204
2021-06-14,262179.0,179371.0,195083.0,187414.0,187414.0,180268.0,187645.0,187645.0,0.3158452812772953,0.2559167591607261,0.2851677670599094,0.2851677670599094,0.31242395462641936,0.2842866896280785,0.2842866896280785
2021-06-15,261702.0,218375.0,229857.0,238615.0,238615.0,230244.0,221793.0,221793.0,0.16555853604481433,0.12168420569961254,0.088218660919672,0.088218660919672,0.12020542449045098,0.1524978792672582,0.1524978792672582
2021-06-16,223173.0,228270.0,246167.0,252488.0,252488.0,244428.0,238309.0,238309.0,0.022838784261537015,0.10303217683142674,0.13135549551245,0.13135549551245,0.09524001559328413,0.06782182432462708,0.06782182432462708
2021-06-17,206756.0,216478.0,236980.0,233154.0,233154.0,227005.0,230730.0,230730.0,0.047021610013736,0.1461819729536265,0.12767706862195052,0.12767706862195052,0.09793669833039911,0.11595310414208052,0.11595310414208052
2021-06-18,594479.0,202871.0,225862.0,218717.0,218717.0,212534.0,219476.0,219476.0,0.6587415198854796,0.6200673194511497,0.6320862469490092,0.6320862469490092,0.6424869507585634,0.63080949873755,0.63080949873755
2021-06-21,190918.0,329547.0,343592.0,282526.0,282526.0,278597.0,338814.0,338814.0,0.7261180192543396,0.7996836338113745,0.4798290365497229,0.4798290365497229,0.4592495207366513,0.774657182664809,0.774657182664809
2021-06-22,134980.0,225014.0,256501.0,203559.0,203559.0,197991.0,249484.0,249484.0,0.667017335901615,0.9002889316935843,0.5080678619054675,0.5080678619054675,0.4668173062675952,0.8483034523633131,0.8483034523633131
2021-06-23,147568.0,174672.0,196308.0,164746.0,164746.0,159158.0,189650.0,189650.0,0.18367125664100617,0.3302884094112545,0.11640735118724926,0.11640735118724926,0.0785400628862626,0.28517022660739455,0.28517022660739455
2021-06-24,224256.0,170623.0,181110.0,165016.0,165016.0,159113.0,174631.0,174631.0,0.23915971033105024,0.19239619006849315,0.2641623858447489,0.2641623858447489,0.2904849814497717,0.2212872788242009,0.2212872788242009
2021-06-25,404772.0,209278.0,208396.0,211287.0,211287.0,203350.0,200568.0,200568.0,0.48297313055250857,0.4851521350291028,0.4780098425780439,0.4780098425780439,0.4976184123407746,0.5044914173905309,0.5044914173905309
2021-06-28,255598.0,290872.0,286222.0,298804.0,298804.0,286407.0,274347.0,274347.0,0.1380057746930727,0.11981314407780969,0.1690388813683988,0.1690388813683988,0.12053693690873951,0.07335346911947668,0.07335346911947668
2021-06-29,251611.0,256384.0,265652.0,265765.0,265765.0,255624.0,255516.0,255516.0,0.018969758873817123,0.05580439646915278,0.05625350243033889,0.05625350243033889,0.01594922320566271,0.015519989189661819,0.015519989189661819
2021-06-30,336888.0,242632.0,257263.0,252799.0,252799.0,243487.0,247786.0,247786.0,0.2797843793783097,0.23635451544727032,0.24960521004013203,0.24960521004013203,0.27724644392201564,0.2644855263470352,0.2644855263470352
2021-07-01,222479.0,272636.0,286247.0,296914.0,296914.0,285818.0,275550.0,275550.0,0.22544599715029284,0.2866248050377789,0.33457090332121237,0.33457090332121237,0.2846965331559383,0.23854386256680407,0.23854386256680407
2021-07-02,145207.0,231555.0,252554.0,241621.0,241621.0,232474.0,242993.0,242993.0,0.5946545276742857,0.7392687680345988,0.6639762545882775,0.6639762545882775,0.6009834236641485,0.6734248348908799,0.6734248348908799
2021-07-06,162624.0,187815.0,200452.0,178403.0,178403.0,171039.0,192178.0,192178.0,0.15490333530106257,0.23261019283746556,0.09702749901613537,0.09702749901613537,0.05174512987012987,0.18173209366391185,0.18173209366391185
2021-07-07,168701.0,187134.0,190214.0,178356.0,178356.0,172156.0,183603.0,183603.0,0.10926431971357609,0.1275214729017611,0.0572314331272488,0.0572314331272488,0.02048002086531793,0.08833379766569256,0.08833379766569256
2021-07-08,197946.0,191009.0,188986.0,182208.0,182208.0,175672.0,182207.0,182207.0,0.03504491123841856,0.045264870217129924,0.07950653208450789,0.07950653208450789,0.11252563830539643,0.07951158396734463,0.07951158396734463
2021-07-09,137375.0,202612.0,201565.0,201373.0,201373.0,196901.0,197088.0,197088.0,0.4748826205641492,0.46726114649681527,0.46586351228389444,0.46586351228389444,0.4333102820746133,0.4346715195632393,0.4346715195632393
2021-07-12,158462.0,174233.0,177620.0,165964.0,165964.0,159893.0,171123.0,171123.0,0.0995254382754225,0.12089964786510331,0.04734258055559062,0.04734258055559062,0.009030556221680908,0.07989928184675191,0.07989928184675191
2021-07-13,96118.0,179133.0,178416.0,172283.0,172283.0,166244.0,172161.0,172161.0,0.8636779791506274,0.856218398218856,0.7924114109740111,0.7924114109740111,0.7295823883143636,0.7911421377889677,0.7911421377889677
2021-07-14,116718.0,138116.0,144398.0,128875.0,128875.0,124974.0,140026.0,140026.0,0.18333076303569287,0.23715279562706695,0.10415702805051491,0.10415702805051491,0.0707345910656454,0.1996949913466646,0.1996949913466646
2021-07-15,97044.0,140668.0,143331.0,135197.0,135197.0,130613.0,138472.0,138472.0,0.44952804913235234,0.4769692098429578,0.3931515601170603,0.3931515601170603,0.34591525493590536,0.4268991385350975,0.4268991385350975
2021-07-16,121362.0,130864.0,131660.0,121821.0,121821.0,118172.0,127717.0,127717.0,0.07829468861752444,0.08485357855012278,0.0037820734661590943,0.0037820734661590943,0.02628499859923205,0.05236400191163626,0.05236400191163626
2021-07-19,146286.0,142021.0,140339.0,136890.0,136890.0,133498.0,136862.0,136862.0,0.029155216493717787,0.04065324091163884,0.06423034330011074,0.06423034330011074,0.08741779801211326,0.06442174917627114,0.06442174917627114
2021-07-20,268003.0,148267.0,155951.0,156709.0,156709.0,155998.0,155244.0,155244.0,0.4467711182337511,0.4180997973903277,0.4152714708417443,0.4152714708417443,0.41792442621910947,0.42073782756163175,0.42073782756163175
2021-07-21,132458.0,204763.0,212959.0,214333.0,214333.0,210374.0,209025.0,209025.0,0.5458711440607589,0.6077473614277733,0.6181204608253182,0.6181204608253182,0.5882317413821739,0.5780473810566368,0.5780473810566368
2021-07-22,119471.0,160838.0,177413.0,152007.0,152007.0,147906.0,172626.0,172626.0,0.3462513915510877,0.4849879887169271,0.2723338718182655,0.2723338718182655,0.2380075499493601,0.44491968762293777,0.44491968762293777
2021-07-23,88542.0,145409.0,157786.0,141692.0,141692.0,137660.0,153295.0,153295.0,0.6422601703146529,0.7820469381762327,0.6002800930631791,0.6002800930631791,0.554742382146326,0.7313252467755416,0.7313252467755416
2021-07-26,125710.0,120728.0,131266.0,115707.0,115707.0,112147.0,127227.0,127227.0,0.039630896507835495,0.04419696126004296,0.07957203086468857,0.07957203086468857,0.1078911781083446,0.01206745684511972,0.01206745684511972
2021-07-27,125982.0,130895.0,141635.0,137100.0,137100.0,133051.0,137452.0,137452.0,0.03899763458271817,0.12424790843136321,0.08825070248130686,0.08825070248130686,0.056111190487529966,0.0910447524249496,0.0910447524249496
2021-07-28,142939.0,133149.0,146138.0,142477.0,142477.0,139499.0,143084.0,143084.0,0.06849075479750104,0.02238017615906086,0.003232147979207914,0.003232147979207914,0.024066210061634685,0.0010144187380630898,0.0010144187380630898
2021-07-29,239591.0,140005.0,183313.0,155217.0,181960.0,187296.0,188688.0,152332.0,0.4156500035477126,0.2348919617180946,0.3521584700593929,0.2405390853579642,0.2182677980391584,0.21245789699946993,0.36419982386650585
2021-07-30,233742.0,174253.0,201705.0,209525.0,209525.0,203336.0,195747.0,195747.0,0.2545071061255572,0.13706137536257926,0.10360568490044579,0.10360568490044579,0.13008359644394246,0.16255101778884412,0.16255101778884412
2021-08-02,147143.0,183762.0,222570.0,230790.0,230790.0,224244.0,216258.0,216258.0,0.24886674867305955,0.5126101819318623,0.5684742053648492,0.5684742053648492,0.5239868699156602,0.46971313620083865,0.46971313620083865
2021-08-03,173229.0,152676.0,188766.0,176576.0,176576.0,172601.0,184516.0,184516.0,0.11864641601579412,0.08969052525847289,0.01932124528802914,0.01932124528802914,0.003625259050159038,0.06515652690946666,0.06515652690946666
2021-08-04,114052.0,158171.0,189352.0,183302.0,183302.0,177915.0,183788.0,183788.0,0.38683232209869184,0.6602251604531266,0.6071791814260162,0.6071791814260162,0.5599463402658437,0.6114403956090204,0.6114403956090204
2021-08-05,126834.0,130548.0,158053.0,143249.0,143249.0,139004.0,153369.0,153369.0,0.02928236908084583,0.24614062475361495,0.12942113313464843,0.12942113313464843,0.095952189476008,0.20921046407114813,0.20921046407114813
2021-08-06,151157.0,130435.0,153208.0,144324.0,144324.0,139648.0,148245.0,148245.0,0.13708925157286794,0.013568673630728315,0.04520465476292861,0.04520465476292861,0.07613937826233651,0.01926473798765522,0.01926473798765522
2021-08-09,93685.0,143609.0,162372.0,160628.0,160628.0,154904.0,156585.0,156585.0,0.5328921385493942,0.7331696643005817,0.7145540908363132,0.7145540908363132,0.6534557293056519,0.6713988365266584,0.6713988365266584
2021-08-10,112563.0,115035.0,135405.0,123349.0,123349.0,119435.0,131108.0,131108.0,0.02196103515364729,0.20292636123770688,0.09582189529419081,0.09582189529419081,0.06105025630091593,0.1647521832218402,0.1647521832218402
2021-08-11,149210.0,123463.0,135200.0,128794.0,128794.0,124773.0,130979.0,130979.0,0.17255545874941358,0.09389451109174989,0.13682729039608604,0.13682729039608604,0.16377588633469606,0.12218349976543127,0.12218349976543127
2021-08-12,171351.0,141944.0,152590.0,154183.0,154183.0,148843.0,147305.0,147305.0,0.17161849070037524,0.10948871030808108,0.10019200354827226,0.10019200354827226,0.13135610530431688,0.14033183348798664,0.14033183348798664
2021-08-13,83157.0,156954.0,171148.0,175400.0,175400.0,168835.0,164742.0,164742.0,0.8874418269057325,1.058131005207018,1.1092632009331747,1.1092632009331747,1.0303161489712231,0.9810959991341679,0.9810959991341679
2021-08-16,76138.0,112542.0,131680.0,117771.0,117771.0,113348.0,126735.0,126735.0,0.47813181328640103,0.7294911870550842,0.5468097402085687,0.5468097402085687,0.4887178544222333,0.6645433292179989,0.6645433292179989
2021-08-17,197207.0,100650.0,112535.0,100890.0,100890.0,97284.0,108513.0,108513.0,0.4896225793202067,0.42935595592448544,0.48840558398028466,0.48840558398028466,0.5066909389626129,0.4497507694960118,0.4497507694960118
2021-08-18,178683.0,150936.0,158784.0,127840.0,127840.0,124321.0,154414.0,154414.0,0.15528617719648763,0.11136481926092577,0.2845430175226518,0.2845430175226518,0.30423711265201503,0.1358215387026186,0.1358215387026186
2021-08-19,245300.0,156512.0,177080.0,184205.0,184205.0,182402.0,175346.0,175346.0,0.36195678760701183,0.2781084386465552,0.2490623726049735,0.2490623726049735,0.25641255605381164,0.28517733387688543,0.28517733387688543
2021-08-20,155124.0,185237.0,213561.0,226652.0,226652.0,224779.0,211796.0,211796.0,0.1941221216575127,0.3767115339986076,0.461102086073077,0.461102086073077,0.44902787447461384,0.365333539619917,0.365333539619917
2021-08-23,151262.0,157273.0,189504.0,182113.0,182113.0,177529.0,184734.0,184734.0,0.039738995914373736,0.2528196110060689,0.20395737197709934,0.20395737197709934,0.17365233832687654,0.22128492284909626,0.22128492284909626
2021-08-24,129770.0,150710.0,177883.0,169726.0,169726.0,164342.0,172240.0,172240.0,0.1613624104184326,0.37075595283963936,0.30789858981274565,0.30789858981274565,0.26640980195730907,0.32727132619249444,0.32727132619249444
2021-08-25,125388.0,139409.0,161895.0,151945.0,151945.0,147191.0,156830.0,156830.0,0.11182090790187259,0.2911522633744856,0.21179857721632053,0.21179857721632053,0.1738842632468817,0.25075764825980157,0.25075764825980157
2021-08-26,150373.0,135001.0,153040.0,144762.0,144762.0,139951.0,147954.0,147954.0,0.10222579851436095,0.017735896736781203,0.03731387948634396,0.03731387948634396,0.06930765496465456,0.016086664494290862,0.016086664494290862
2021-08-27,188984.0,142592.0,161614.0,159471.0,159471.0,155807.0,157901.0,157901.0,0.24548109892900985,0.14482707530796257,0.15616665961139567,0.15616665961139567,0.17555454430004658,0.16447424120560472,0.16447424120560472
2021-08-30,95104.0,158985.0,183076.0,187945.0,187945.0,181409.0,176709.0,176709.0,0.6716962483176312,0.9250084118438762,0.9762049966352625,0.9762049966352625,0.907480232166891,0.8580606493943472,0.8580606493943472
2021-08-31,119541.0,117839.0,142719.0,129333.0,129333.0,124850.0,137771.0,137771.0,0.014237792891141951,0.19389163550580973,0.08191331844304464,0.08191331844304464,0.04441154081026594,0.1524999790866732,0.1524999790866732
2021-09-01,107745.0,124499.0,141469.0,134893.0,134893.0,130417.0,136775.0,136775.0,0.15549677479233376,0.31299828298296906,0.25196528841245536,0.25196528841245536,0.21042275743654,0.2694324562624716,0.2694324562624716
2021-09-02,73207.0,120748.0,134517.0,127948.0,127948.0,123512.0,129853.0,129853.0,0.6494051115330501,0.8374882183397763,0.7477563620965209,0.7477563620965209,0.6871610638326936,0.7737784638081058,0.7737784638081058
2021-09-03,125145.0,98759.0,110701.0,99675.0,99675.0,96408.0,107073.0,107073.0,0.21084342163090813,0.11541811498661553,0.20352391226177635,0.20352391226177635,0.22962962962962963,0.14440848615605897,0.14440848615605897
2021-09-07,106152.0,122687.0,129128.0,124535.0,124535.0,120253.0,124688.0,124688.0,0.1557672017484362,0.2164443439596051,0.1731762001658,0.1731762001658,0.13283781746928933,0.17461752958022458,0.17461752958022458
2021-09-08,166894.0,118759.0,128015.0,125398.0,125398.0,122139.0,124688.0,124688.0,0.28841659975793016,0.23295624767816697,0.24863685932388221,0.24863685932388221,0.26816422399846607,0.25289105659879924,0.25289105659879924
2021-09-09,154787.0,146293.0,155935.0,163337.0,163337.0,158922.0,151720.0,151720.0,0.05487540943360877,0.00741664351657439,0.05523719692222215,0.05523719692222215,0.026714129739577614,0.019814325492450918,0.019814325492450918
2021-09-10,194591.0,144463.0,164181.0,166676.0,166676.0,162903.0,160464.0,160464.0,0.2576069807956175,0.15627649788530815,0.14345473326104496,0.14345473326104496,0.16284411920386863,0.17537810073436078,0.17537810073436078
2021-09-13,165991.0,160410.0,186105.0,192548.0,192548.0,190009.0,183651.0,183651.0,0.03362230482375551,0.12117524444096367,0.15999060190010303,0.15999060190010303,0.14469459187546313,0.1063913103722491,0.1063913103722491
2021-09-14,128503.0,157239.0,182882.0,180969.0,180969.0,177381.0,179257.0,179257.0,0.22362123841466736,0.4231729998521435,0.40828618787110027,0.40828618787110027,0.3803646607472199,0.3949635417071975,0.3949635417071975
2021-09-15,262040.0,141307.0,161971.0,152636.0,152636.0,149696.0,158852.0,158852.0,0.4607426347122577,0.381884445122882,0.41750877728591057,0.41750877728591057,0.42872843840635017,0.3937872080598382,0.3937872080598382
2021-09-16,146522.0,186984.0,210493.0,194124.0,194124.0,189191.0,205144.0,205144.0,0.27614965670684266,0.4365965520536165,0.32487954027381555,0.32487954027381555,0.29121224116514927,0.4000900888603759,0.4000900888603759
2021-09-17,548506.0,151093.0,182611.0,158389.0,158389.0,154676.0,178330.0,178330.0,0.7245371974053155,0.6670756564194376,0.7112356109140101,0.7112356109140101,0.7180049078770333,0.6748804935588671,0.6748804935588671
2021-09-20,184868.0,272770.0,302421.0,212884.0,212884.0,209462.0,297560.0,297560.0,0.47548521106951985,0.6358753272605319,0.15154596793387715,0.15154596793387715,0.13303546314126835,0.6095808901486466,0.6095808901486466
2021-09-21,125435.0,186257.0,238262.0,187737.0,187737.0,189402.0,240375.0,240375.0,0.4848885877147527,0.8994857894527046,0.4966875274046319,0.4966875274046319,0.509961334555746,0.9163311675369713,0.9163311675369713
2021-09-22,195067.0,143501.0,182398.0,151850.0,151850.0,152187.0,182802.0,182802.0,0.264350197624406,0.064946915675127,0.2215495188832555,0.2215495188832555,0.21982190734465593,0.06287583240630143,0.06287583240630143
2021-09-23,158119.0,169779.0,193904.0,187804.0,187804.0,185065.0,191076.0,191076.0,0.07374192854748639,0.22631688791353347,0.18773834896502,0.18773834896502,0.17041595254207273,0.20843162428297674,0.20843162428297674
2021-09-24,324638.0,159828.0,182647.0,174636.0,174636.0,170184.0,177991.0,177991.0,0.5076731621067158,0.43738256149926996,0.46205927833463734,0.46205927833463734,0.475773014865789,0.45172469027039347,0.45172469027039347
2021-09-27,186323.0,220636.0,239931.0,227672.0,227672.0,220775.0,232663.0,232663.0,0.18415869216360836,0.28771541892305297,0.22192107254606247,0.22192107254606247,0.18490470849009516,0.248707888988477,0.248707888988477
2021-09-28,130511.0,178077.0,215908.0,190640.0,190640.0,185615.0,210218.0,210218.0,0.36445970071488226,0.6543279876791994,0.46071978607167213,0.46071978607167213,0.422217284366835,0.610730130027354,0.610730130027354
2021-09-29,200199.0,150768.0,177681.0,156132.0,156132.0,155351.0,176792.0,176792.0,0.2469093252214047,0.11247808430611542,0.22011598459532766,0.22011598459532766,0.22401710298253238,0.11691866592740223,0.11691866592740223
2021-09-30,170388.0,180335.0,193194.0,191742.0,191742.0,190146.0,191586.0,191586.0,0.058378524309223655,0.13384745404605958,0.1253257271638848,0.1253257271638848,0.1159588703429819,0.1244101697302627,0.1244101697302627
2021-10-01,252862.0,174123.0,188061.0,183428.0,183428.0,182268.0,186871.0,186871.0,0.3113911936154899,0.256270218538175,0.27459246545546584,0.27459246545546584,0.279179947955802,0.2609763428273129,0.2609763428273129
2021-10-04,223846.0,216060.0,218844.0,229778.0,229778.0,226059.0,215301.0,215301.0,0.03478284177514899,0.022345719825236993,0.0265003618559188,0.0265003618559188,0.009886261090213807,0.03817356575502801,0.03817356575502801
2021-10-05,212876.0,209196.0,222648.0,226094.0,226094.0,224619.0,221195.0,221195.0,0.017287059133016404,0.04590465811082508,0.06209248576636164,0.06209248576636164,0.05516356940190534,0.03907908829553355,0.03907908829553355
2021-10-06,282489.0,207603.0,220329.0,218708.0,218708.0,215452.0,217049.0,217049.0,0.2650935080658008,0.22004396631373258,0.2257822428483941,0.2257822428483941,0.2373083553695896,0.23165503789528089,0.23165503789528089
2021-10-07,301067.0,237096.0,245947.0,256215.0,256215.0,252025.0,241926.0,241926.0,0.2124809427801785,0.18308217107819855,0.14897680582727432,0.14897680582727432,0.16289397376663667,0.19643800217227395,0.19643800217227395
2021-10-08,162595.0,253557.0,265367.0,276994.0,276994.0,270799.0,259431.0,259431.0,0.5594390971432086,0.6320735569974476,0.7035825209877302,0.7035825209877302,0.665481718380024,0.5955656693010241,0.5955656693010241
2021-10-11,207316.0,190020.0,215127.0,196444.0,196444.0,191340.0,209539.0,209539.0,0.08342819656948812,0.03767678326805456,0.05244168322753671,0.05244168322753671,0.07706110478689537,0.010722761388411894,0.010722761388411894
2021-10-12,154403.0,204944.0,213738.0,206954.0,206954.0,203202.0,209863.0,209863.0,0.32733172282921963,0.3842865747427187,0.3403496046061281,0.3403496046061281,0.3160495586225656,0.35918991211310664,0.35918991211310664
2021-10-13,158678.0,183757.0,189332.0,176100.0,176100.0,172766.0,185748.0,185748.0,0.15804963511009718,0.1931836801572997,0.1097946785313654,0.1097946785313654,0.08878357428250923,0.17059705819332233,0.17059705819332233
2021-10-14,151198.0,176500.0,180599.0,171700.0,171700.0,167407.0,176084.0,176084.0,0.16734348337940977,0.19445363033902566,0.1355970317067686,0.1355970317067686,0.10720379899205015,0.16459212423444755,0.16459212423444755
2021-10-15,171419.0,176505.0,173309.0,165843.0,165843.0,160093.0,167300.0,167300.0,0.02966998990776985,0.011025615596870826,0.03252848284029192,0.03252848284029192,0.06607202235458147,0.024028841610323242,0.024028841610323242
2021-10-18,277149.0,174665.0,178925.0,177247.0,177247.0,170328.0,171940.0,171940.0,0.36977943272391384,0.3544086393961371,0.3604631443736041,0.3604631443736041,0.3854280549451739,0.379611689019264,0.379611689019264
2021-10-19,195148.0,224397.0,220601.0,237984.0,237984.0,229059.0,212329.0,212329.0,0.14988111587103123,0.13042921270010455,0.21950519605632648,0.21950519605632648,0.17377067661467194,0.08804087154364892,0.08804087154364892
2021-10-20,475096.0,203203.0,211286.0,210344.0,210344.0,201849.0,202752.0,202752.0,0.5722906528364794,0.5552772492296294,0.5572600063987068,0.5572600063987068,0.5751406031623082,0.573239934665836,0.573239934665836
2021-10-21,594239.0,297913.0,298007.0,268398.0,268398.0,257417.0,285814.0,285814.0,0.4986646786898874,0.4985064931786705,0.5483332463873963,0.5483332463873963,0.5668123431817838,0.5190251733730031,0.5190251733730031
2021-10-22,292956.0,359075.0,389360.0,451048.0,451048.0,431843.0,372782.0,372782.0,0.22569600895697647,0.3290733079370281,0.5396441786479881,0.5396441786479881,0.4740882589876978,0.2724846051966848,0.2724846051966848
2021-10-25,532447.0,266281.0,324202.0,313756.0,313756.0,300710.0,310722.0,310722.0,0.49989200803084627,0.39110934985078327,0.4107282039339127,0.4107282039339127,0.43523017314399365,0.4164264236628247,0.4164264236628247
2021-10-26,510536.0,342897.0,383670.0,380665.0,380665.0,365119.0,368002.0,368002.0,0.32835882288418444,0.24849569863829388,0.2543816694611154,0.2543816694611154,0.28483201968127614,0.279185013397684,0.279185013397684
2021-10-27,419812.0,364957.0,407990.0,429782.0,429782.0,414060.0,393065.0,393065.0,0.1306656312825741,0.02816022410031157,0.023748725620039445,0.023748725620039445,0.01370137108991644,0.06371185197183502,0.06371185197183502
2021-10-28,1020535.0,341303.0,573041.0,386700.0,573430.0,602428.0,602019.0,374164.0,0.6655646303164516,0.43848961574076345,0.6210810996193173,0.4381084431205201,0.409693935043874,0.4100947052281401,0.6333648527488033
2021-10-29,524756.0,515640.0,549900.0,500632.0,500632.0,484555.0,532241.0,532241.0,0.017371883313387557,0.047915602680102753,0.04597184215139989,0.04597184215139989,0.07660893824939591,0.014263772115040133,0.014263772115040133
2021-11-01,303388.0,412509.0,490818.0,436200.0,436200.0,421380.0,474142.0,474142.0,0.3596747399369784,0.6177897609661556,0.437762864714491,0.437762864714491,0.38891452529434256,0.5628238427360344,0.5628238427360344
2021-11-02,279915.0,315278.0,367505.0,320390.0,320390.0,309106.0,354562.0,354562.0,0.12633478020113248,0.3129164210563921,0.1445974670882232,0.1445974670882232,0.10428522944465284,0.26667738420591963,0.26667738420591963
2021-11-03,322382.0,296612.0,309776.0,281642.0,281642.0,271001.0,298072.0,298072.0,0.079936224727187,0.03910267942999299,0.12637181976661227,0.12637181976661227,0.1593792457395264,0.07540743589902663,0.07540743589902663
2021-11-04,135259.0,312410.0,305303.0,296680.0,296680.0,284257.0,292520.0,292520.0,1.309716913477107,1.2571732749761568,1.193421509844077,1.193421509844077,1.1015754959004576,1.1626657006188128,1.1626657006188128
2021-11-05,420985.0,210982.0,208585.0,179172.0,179172.0,171721.0,199911.0,199911.0,0.4988372507333991,0.5045310402983479,0.5743981377008682,0.5743981377008682,0.5920971055975867,0.5251350998254094,0.5251350998254094
2021-11-08,204022.0,339082.0,285199.0,209601.0,209601.0,202418.0,275426.0,275426.0,0.6619874327278431,0.3978835615766927,0.027345090235366774,0.027345090235366774,0.00786189724637539,0.3499818647008656,0.3499818647008656
2021-11-09,188731.0,262694.0,243136.0,200239.0,200239.0,194156.0,235750.0,235750.0,0.3918964028167074,0.2882674282444326,0.06097567437251962,0.06097567437251962,0.028744615352008944,0.24913236299283106,0.24913236299283106
2021-11-10,147955.0,248172.0,218317.0,197309.0,197309.0,191797.0,212218.0,212218.0,0.6773478422493325,0.47556351593389884,0.33357439762089824,0.33357439762089824,0.2963198269744179,0.43434152276029875,0.43434152276029875
2021-11-11,212823.0,217617.0,187471.0,170283.0,170283.0,166259.0,183042.0,183042.0,0.02252576084351785,0.11912246326759796,0.19988441098941373,0.19988441098941373,0.21879214182677625,0.13993318391339282,0.13993318391339282
2021-11-12,129218.0,256651.0,203476.0,202790.0,202790.0,196856.0,197522.0,197522.0,0.9861861350585832,0.5746722592827624,0.5693634013837081,0.5693634013837081,0.5234410066708972,0.5285950873717284,0.5285950873717284
2021-11-15,250802.0,208337.0,171794.0,158819.0,158819.0,152987.0,165486.0,165486.0,0.16931683160421368,0.3150214113125095,0.36675544852114417,0.36675544852114417,0.3900088516040542,0.34017272589532777,0.34017272589532777
2021-11-16,202489.0,263693.0,208971.0,196920.0,196920.0,190069.0,201700.0,201700.0,0.30225839428314627,0.032011615445777304,0.027502728543278895,0.027502728543278895,0.061336665201566505,0.0038965079584570026,0.0038965079584570026
2021-11-17,188335.0,251784.0,209482.0,210336.0,210336.0,202918.0,202094.0,202094.0,0.33689436376669235,0.11228396208883107,0.11681843523508642,0.11681843523508642,0.07743117317545863,0.07305599065494996,0.07305599065494996
2021-11-18,268290.0,231242.0,203516.0,199742.0,199742.0,193415.0,197069.0,197069.0,0.13808938089380893,0.24143277796414328,0.25549964590554997,0.25549964590554997,0.27908233627790824,0.26546274553654625,0.26546274553654625
2021-11-19,236053.0,259708.0,232346.0,241316.0,241316.0,234016.0,225317.0,225317.0,0.1002105459367176,0.01570410035034505,0.02229584034094038,0.02229584034094038,0.008629417969693246,0.045481311400405844,0.045481311400405844
2021-11-22,163618.0,255242.0,234412.0,236921.0,236921.0,230004.0,227568.0,227568.0,0.5599872874622597,0.43267855614907896,0.44801305479837183,0.44801305479837183,0.4057377550147294,0.3908494175457468,0.3908494175457468
2021-11-23,138621.0,209931.0,203011.0,190248.0,190248.0,186005.0,198484.0,198484.0,0.5144242214383102,0.46450393519019484,0.3724327482848919,0.3724327482848919,0.3418241103440316,0.43184654561718644,0.43184654561718644
2021-11-24,202081.0,183948.0,177091.0,162323.0,162323.0,158854.0,173306.0,173306.0,0.08973134535161643,0.1236632835348202,0.19674289022718613,0.19674289022718613,0.2139092740039885,0.14239339670726095,0.14239339670726095
2021-11-26,257332.0,208675.0,212051.0,193210.0,212460.0,218982.0,218560.0,188194.0,0.1890825859201343,0.17596334696034693,0.2491800475650133,0.1743739604868419,0.14902926958170767,0.1506691744516811,0.2686723765408111
2021-11-29,195121.0,224272.0,221339.0,232900.0,232900.0,238660.0,226813.0,226813.0,0.1493996033230662,0.1343679050435371,0.19361831888930459,0.19361831888930459,0.22313846280000615,0.16242229180867257,0.16242229180867257
2021-11-30,254800.0,201383.0,212585.0,210509.0,210509.0,209559.0,211626.0,211626.0,0.20964285714285713,0.1656789638932496,0.1738265306122449,0.1738265306122449,0.17755494505494507,0.16944270015698587,0.16944270015698587
2021-12-01,186265.0,224203.0,231721.0,236905.0,236905.0,240603.0,235339.0,235339.0,0.20367755616997288,0.24403940622231768,0.27187072182106137,0.27187072182106137,0.29172415644377636,0.2634633452339409,0.2634633452339409
2021-12-02,220229.0,198411.0,212939.0,206545.0,206545.0,213664.0,220279.0,220279.0,0.0990696048204369,0.033101907559858146,0.06213532277765417,0.06213532277765417,0.029809879716113683,0.00022703640301685973,0.00022703640301685973
2021-12-03,188482.0,206284.0,218518.0,216894.0,216894.0,221180.0,222835.0,222835.0,0.09444933733725236,0.15935739221782452,0.15074118483462612,0.15074118483462612,0.1734807567831411,0.1822614361053045,0.1822614361053045
2021-12-06,234505.0,200563.0,208216.0,202326.0,202326.0,208584.0,214656.0,214656.0,0.14473891814673462,0.11210421952623612,0.13722095477708365,0.13722095477708365,0.11053495661073325,0.08464211850493593,0.08464211850493593
2021-12-07,168701.0,209691.0,221852.0,223331.0,223331.0,226546.0,225046.0,225046.0,0.24297425622847524,0.31506037308611096,0.32382736320472316,0.32382736320472316,0.342884748756676,0.3339932780481443,0.3339932780481443
2021-12-08,148507.0,186281.0,200413.0,191949.0,191949.0,189927.0,198302.0,198302.0,0.2543583804130445,0.34951887789801156,0.29252493148471115,0.29252493148471115,0.278909411677564,0.3353040597412917,0.3353040597412917
2021-12-09,120262.0,171209.0,181135.0,170308.0,170308.0,166955.0,177568.0,177568.0,0.4236334004091068,0.5061698624669472,0.41614142455638525,0.41614142455638525,0.38826063095574664,0.4765096206615556,0.4765096206615556
2021-12-10,154978.0,152523.0,158051.0,145530.0,145530.0,143856.0,156232.0,156232.0,0.01584095807146821,0.019828620836505828,0.06096349159235504,0.06096349159235504,0.07176502471318509,0.008091471047503516,0.008091471047503516
2021-12-13,160237.0,163052.0,164320.0,159757.0,159757.0,155638.0,160084.0,160084.0,0.017567727803191522,0.025481006259478148,0.0029955628225690695,0.0029955628225690695,0.0287012362937399,0.0009548356496938909,0.0009548356496938909
2021-12-14,168542.0,171496.0,169618.0,167601.0,167601.0,164449.0,166428.0,166428.0,0.01752678857495461,0.006384165371242776,0.0055831780802411265,0.0055831780802411265,0.02428474801533149,0.01254286765316657,0.01254286765316657
2021-12-15,251197.0,172936.0,175771.0,175007.0,175007.0,172997.0,173752.0,173752.0,0.31155228764674736,0.300266324836682,0.3033077624334686,0.3033077624334686,0.311309450351716,0.3083038412082947,0.3083038412082947
2021-12-16,189925.0,213618.0,210482.0,222000.0,222000.0,216765.0,205518.0,205518.0,0.12474924312228511,0.10823746215611425,0.16888245360010531,0.16888245360010531,0.14131894168750822,0.0821008292747137,0.0821008292747137
2021-12-17,867031.0,195426.0,204755.0,204384.0,204384.0,200757.0,201122.0,201122.0,0.7746032148792834,0.7638435073255743,0.7642714043673179,0.7642714043673179,0.7684546457969784,0.7680336689230258,0.7680336689230258
2021-12-20,235211.0,410271.0,372201.0,257956.0,257956.0,254322.0,366957.0,366957.0,0.7442679126401401,0.5824132374761385,0.09670040941962749,0.09670040941962749,0.08125045172207082,0.5601183618113098,0.5601183618113098
2021-12-21,191796.0,250868.0,292805.0,225174.0,225174.0,224325.0,291702.0,291702.0,0.30799391019625016,0.5266481052785251,0.1740286554464118,0.1740286554464118,0.16960207720703246,0.5208972032784834,0.5208972032784834
2021-12-22,225602.0,207821.0,244721.0,207045.0,207045.0,204592.0,241822.0,241822.0,0.0788157906401539,0.08474658912598293,0.08225547645854203,0.08225547645854203,0.09312860701589525,0.07189652574002003,0.07189652574002003
2021-12-23,159019.0,220011.0,236535.0,219109.0,219109.0,214270.0,231312.0,231312.0,0.3835516510605651,0.4874637621919393,0.3778793729051245,0.3778793729051245,0.34744904696923007,0.45461863047811896,0.45461863047811896
2021-12-27,264811.0,183599.0,204089.0,184575.0,184575.0,179838.0,198852.0,198852.0,0.30667910320945885,0.22930316338822784,0.3029934557099214,0.3029934557099214,0.3208816854284754,0.2490795321946596,0.2490795321946596
2021-12-28,249999.0,226473.0,228511.0,221842.0,221842.0,215778.0,222264.0,222264.0,0.09410437641750567,0.08595234380937523,0.11262845051380206,0.11262845051380206,0.13688454753819015,0.11094044376177505,0.11094044376177505
2021-12-29,171173.0,233367.0,237253.0,240822.0,240822.0,234134.0,230664.0,230664.0,0.3633400127356534,0.38604219123343053,0.4068924421491707,0.4068924421491707,0.3678208595981843,0.34754897092415277,0.34754897092415277
2021-12-30,116525.0,191104.0,210384.0,198956.0,198956.0,192905.0,203986.0,203986.0,0.6400257455481656,0.8054838017592791,0.7074104269470071,0.7074104269470071,0.655481656296932,0.7505771293713795,0.7505771293713795
2021-12-31,163886.0,151129.0,170879.0,150741.0,150741.0,146144.0,165667.0,165667.0,0.07784069414104927,0.042669904689845384,0.08020819350036,0.08020819350036,0.10825817946621431,0.010867310203434094,0.010867310203434094
