,2021-09-02,2021-09-03,2021-09-07,2021-09-08,2021-09-09,2021-09-10,2021-09-13,2021-09-14,2021-09-15,2021-09-16,2021-09-17,2021-09-20
09:46:00,1.5059880239520957,5.00453514739229,0.7216427640156454,0.9472140762463344,0.08983111749910169,0.48536355051935787,4.5168776371308015,0.6788752126488542,0.9930414716661338,16.981037924151696,0.173137655582389,1.025064417896463
09:47:00,0.22636363636363635,0.2569478303266699,6.125,0.49595234458530624,1.227838827838828,27.345454545454544,0.5931161647203442,1.4704980842911877,3.629793510324484,11.46629213483146,0.6218905472636815,0.47444444444444445
09:48:00,3.95,5.034090909090909,0.5059422750424448,0.880648899188876,5.107569721115538,0.4307017543859649,0.8054016620498615,2.5179324894514767,22.582089552238806,32.060526315789474,0.25357466063348416,1.2771990740740742
09:49:00,2.7725631768953067,5.198324022346369,0.2342260553790286,3.4385026737967914,1.0458656330749354,4.8350877192982455,3.603883495145631,0.1824516129032258,0.6683937823834197,5.892282065519156,9.1475,0.9011934499028588
09:50:00,0.8192437749769443,1.3972286374133949,0.15863095238095237,0.0564214463840399,0.23937784522003036,0.6733333333333333,0.5395522388059701,0.7852093529091898,0.1801363193768257,6.891497461928934,3.0946073793755913,3.894809688581315
09:51:00,1.0822981366459627,3.6129032258064515,0.3169538891476479,7.581863979848866,0.41069849690539345,0.18062253397632616,0.7901038178164769,2.49043303121853,0.6713333333333333,0.06229062924400181,21.049751243781095,0.028276071754332624
09:52:00,13.166666666666666,4.89095744680851,0.5773140716960942,10.32,0.4775251189846642,1.391979301423027,0.6,2.356741573033708,0.33822960958639353,inf,4.612745098039215,0.3518910030537937
09:53:00,5.143564356435643,0.1283702213279678,0.19827586206896552,0.8091106290672451,0.622122403144301,1.15327564894932,0.24786324786324787,0.1648506151142355,0.4789876581784096,11.848275862068965,0.46855884511866897,17.891803278688524
09:54:00,0.3778580024067389,4.714285714285714,2.553050397877984,0.047186932849364795,1.5617342130065976,0.27260869565217394,6.988549618320611,0.5662768031189084,0.28878960194963443,93.1,2.8946360153256707,3.1469933184855234
09:55:00,0.7294725394235998,0.02606741573033708,0.18044077134986225,0.703037120359955,0.44602739726027396,0.5653393157599551,0.3049620951068229,1.9712163416898794,13.58937198067633,1.610899182561308,0.31966666666666665,1.5644426025694156
09:56:00,0.6316851664984864,4.0175,0.8102796674225246,8.553333333333333,0.0044408558740411785,2.2718204488778055,0.33548850574712646,3.1997167138810196,562.4,4.159977388355003,inf,1.4359307359307358
09:57:00,1.1683168316831682,3.7279411764705883,0.07073509015256588,2.180667433831991,0.5762622720897616,0.40126459143968873,0.09865053513261983,33.144578313253014,0.7554417413572343,7.1678832116788325,17.795,0.7076873730353898
09:58:00,6.174757281553398,1.1785714285714286,0.1159757801583605,0.31183786273606634,0.8048245614035088,0.43215859030837006,0.28019323671497587,0.7521872601688412,4.216363636363637,2.302233429394813,0.6777300085984522,4.030797101449275
09:59:00,0.0043859649122807015,6.8853754940711465,1.0461672473867596,25.411214953271028,169.35714285714286,0.23698714023270054,0.2050314465408805,2.413090128755365,26.57281553398058,1.7493146512336277,17.33830845771144,0.6048347311297484
10:00:00,0.8822460476103944,3.888888888888889,0.10094876660341556,2.4900249376558605,1.8942992874109263,0.509478672985782,0.7132331270262304,0.07506887052341597,3.5454545454545454,4.559598494353827,0.42752055387278237,0.35548256695300656
10:01:00,0.617827868852459,inf,4.818401937046005,39.94285714285714,1.468544600938967,0.6175448755066589,0.6518347810671866,0.12521891418563924,0.7884457696608275,28.637873754152825,0.20036036036036037,0.7042114041488585
10:02:00,0.38137082601054484,0.7691852902920657,0.2815533980582524,10.883333333333333,4.148936170212766,1.5219885277246654,0.6233716475095785,1.1245791245791246,2.374554102259215,86.41346153846153,208.4375,0.19669848846459825
10:03:00,0.7728130899937067,0.5663737280296022,0.7344288669271432,0.989193083573487,6.507246376811594,0.5497138769670958,0.49567801188546734,35.10588235294118,12.715,112.56410256410257,0.5502620295378752,2.554705882352941
10:04:00,0.2452431289640592,18.824175824175825,0.41490782794549824,0.9157534246575343,0.47793696275071634,4.877358490566038,0.22821397756686798,16.683060109289617,0.2746896923907178,0.158686532619702,14.285,6.7502972651605235
10:05:00,1.1759530791788857,inf,0.1338818249813014,2.0696132596685084,0.6732673267326733,0.0994718309859155,0.6551536084348301,13.264069264069263,0.6691445130401915,4.953055141579732,0.5424511545293073,0.5135294987431613
10:06:00,0.1941510966693745,4.177057356608479,0.4357931435212086,0.271630712131756,13.778350515463918,0.11944965603502189,0.5049365303244006,0.12056952438654953,6.635678391959799,11.61418439716312,2.236976506639428,1.1330945986272754
10:07:00,0.03072033898305085,6.925196850393701,4.142857142857143,1.2443962400578452,4.219557195571956,0.4951630240057327,0.11257233035244608,23.657894736842106,inf,3.6828073993471167,1.905378486055777,inf
10:08:00,inf,0.05615856536101935,0.5866998135487881,0.15979926043317486,35.0,inf,1.9470013947001394,20.426966292134832,116.6923076923077,4.854724964739069,0.9044019564250778,7.288888888888889
10:09:00,0.2701801200800534,0.030498533724340176,0.6183544303797468,2.9875,5.7272727272727275,inf,0.3298835705045278,21.553571428571427,4.08099173553719,5.9820224719101125,0.25397213395257884,0.5653871177618738
10:10:00,0.250852079072938,4.005763688760807,1.8726042841037205,5.670781893004115,0.21873693015474696,0.27636181909045476,0.5573942186845413,0.08421832551247221,1.5236928104575163,1.504363924887596,0.9236327460271749,16.271820448877804
10:11:00,3.8817733990147785,0.604951560818084,0.3565764287667487,0.17479191438763378,28.406593406593405,0.2640599892876272,4.395348837209302,54.38461538461539,inf,7.667992047713717,0.42953472690492245,5.623762376237623
10:12:00,3.9306930693069306,0.005083884087442806,6.069069069069069,5.224532224532225,24.295238095238094,0.340607210626186,0.06431852986217458,0.07957559681697612,0.5206131078224101,1.4913090711569799,0.3711882229232387,3.0530164533820843
10:13:00,0.6758053461274846,0.23735165521549031,4.351039260969977,1.3385579937304075,154.1764705882353,0.3522954091816367,0.709447697420478,11.288461538461538,1.6470037453183521,4.702417854928704,2.7004279600570613,3.598832968636032
10:14:00,0.6083857442348009,inf,0.43916486681065514,2.851472471190781,2.668044077134986,5.523809523809524,2.3436363636363637,6.103296703296703,27.84,inf,1.1542857142857144,60.801980198019805
10:15:00,0.04658721560130011,3.0179282868525896,0.5858349811252921,1.2498084291187739,6.5701754385964914,5.346534653465347,0.42101848848524165,0.22569308863725107,0.6787410926365796,4.03588644884842,1.601,4.100244498777506
10:16:00,0.10647482014388489,inf,0.11080111598246313,13.25,345.0,inf,0.9405323508143659,2.919375812743823,8.162790697674419,1.1868955512572534,4.005464480874317,3.8641171684296176
10:17:00,0.749485949280329,0.41344134413441347,inf,5.99501246882793,2.2843273231622745,0.38623226484498163,0.29652605459057074,9.122047244094489,inf,inf,2.4325,0.9044021024967148
10:18:00,0.736270963498849,15.798245614035087,0.8229166666666666,2.5195954487989884,3.152014652014652,0.0072992700729927005,0.35876685934489405,9.94331983805668,0.5616923076923077,140.703125,inf,2.0651836523538543
10:19:00,0.30578512396694213,0.23611666000799042,1.1752475247524752,4.198852772466539,5.593373493975903,0.1916376306620209,0.5127773097444538,2.6144578313253013,152.5,4.880541871921182,1.278268551236749,0.6842791911285062
10:20:00,6.12621359223301,4.106951871657754,0.4921589127025614,5.563725490196078,1.4436936936936937,0.10256410256410256,0.6230936819172114,6.423592493297587,0.003975424647632815,23.519083969465647,0.5240464344941956,0.68837058632977
10:21:00,0.3793103448275862,21.44047619047619,0.6025751072961374,8.546468401486988,0.14828693790149894,3.291970802919708,0.19131832797427653,3.5468053491827636,1.1420265780730896,4.2607934655775965,3.1666666666666665,9.392059553349876
10:22:00,1.9184549356223175,148.07692307692307,1.6276747503566333,167.53333333333333,1.4277522935779816,2.8666666666666667,0.15572519083969466,70.69047619047619,5.375,13.53953488372093,2.4739069111424543,5.611745513866231
10:23:00,0.23543400713436385,0.3412384716732543,0.12998102466793168,3.2246256239600664,inf,23.844444444444445,3.802431610942249,20.006944444444443,84.23333333333333,49.524064171122994,inf,1.414828431372549
10:24:00,0.7526117843710823,1.593241551939925,7.925742574257426,27.88888888888889,3.7782805429864252,0.6628729621654875,0.33320015980823015,1.9083969465648856,inf,1.60446735395189,0.7287651677373305,inf
10:25:00,0.5953002610966057,2067.0,0.8559808612440192,3.3633333333333333,0.8549410698096102,0.5429995845450769,0.431980906921241,0.4788076385654402,0.1419228253760628,2.088421052631579,2.14,4.774390243902439
10:26:00,0.8452840595697738,0.7090909090909091,0.809241831447605,2.2745098039215685,2.9576107899807322,2.3806451612903228,0.2967794537301264,0.23896204492641362,0.897677793904209,61.89915966386555,inf,1.7168405365126678
10:27:00,0.12091038406827881,7.966850828729282,inf,0.030589123867069485,12.506172839506172,0.6065877128053294,0.7873855544252288,23.035714285714285,inf,9.695915279878971,1.2405582922824303,0.14426966292134832
10:28:00,0.6869257950530036,14.59,7.512437810945274,84.93333333333334,126.5625,0.08953817153628653,0.31456953642384106,0.631979695431472,2.9843505477308296,12.706365503080082,0.6913895005214973,0.19051008303677341
10:29:00,0.7284768211920529,1.2113475177304964,0.09669369931378664,1.2217607973421927,18.296296296296298,8.98,0.0730277185501066,76.92857142857143,1.267605633802817,2.2835963653754185,3.09,0.5038759689922481
10:30:00,0.17775467775467776,2.4532803180914513,10.572289156626505,0.8960619754680439,4.57177033492823,0.48894557823129253,0.23370693233706932,0.3857310858486868,4.168173598553345,43.83233532934132,3.5426997245179064,0.4096728307254623
10:31:00,0.4292168674698795,22.263157894736842,15.946428571428571,5.029166666666667,21.792079207920793,0.23736404350607807,0.30913877397517864,0.2468977321352161,0.45535369153459604,inf,inf,inf
10:32:00,0.17761557177615572,0.9177777777777778,0.39681528662420384,0.299225931301403,134.58823529411765,0.61974649766511,0.1748564135290364,9.974603174603175,inf,2.411934552454283,0.8183856502242153,0.7292139936392549
10:33:00,0.4528301886792453,2.414814814814815,0.20730938878386893,3.062418725617685,70.55882352941177,0.5028854080791426,0.572230619736558,0.8152115693626139,8.283333333333333,11.137987012987013,10.076666666666666,1.5684007707129095
10:34:00,0.4746666666666667,1.415686274509804,0.9723593287265548,inf,486.4,0.25872093023255816,1.5716234652114598,0.10418006430868167,78.31428571428572,6.676546391752577,inf,7.1498054474708175
10:35:00,0.9525423728813559,0.47744,0.7075079872204473,3.1426533523537805,4.097285067873303,0.6521739130434783,0.19625761531766753,0.3411042944785276,0.5255487917358421,7.698571428571428,1.887115165336374,0.16525212181727408
10:36:00,0.8407971339005822,2.0328719723183393,0.1502202643171806,0.5790856542301629,28.53846153846154,3.3674911660777385,1.78516228748068,0.6567728008634647,7.906666666666666,11.120593692022263,0.7805519053876478,1339.0
10:37:00,0.8850160256410257,11.12751677852349,0.7946428571428571,0.7291449426485923,2.8878205128205128,0.15356489945155394,0.7761904761904762,0.7103882476390346,0.49973219068023567,9.955737704918032,27.82,2.290053151100987
10:38:00,0.7449622166246851,0.7492232578783844,0.5836367530520454,0.03421670580342167,2.138851802403204,0.6353658536585366,0.42492639842983315,1.2630117973629424,0.05503512880562061,5.802105263157895,0.10511701705672352,1.7243675099866844
10:39:00,0.5432266848196051,0.08707671043538355,0.6597659765976598,0.29245699161887956,inf,0.10818181818181818,0.3665970772442589,0.7094956585996675,3.9330783938814533,0.4120913016656385,24.817307692307693,2.301489921121823
10:40:00,inf,1578.0,1796.0,3.7570715474209653,9.080568720379146,0.6471288307051473,0.27059843885516044,1.3378058405682716,9.430962343096235,1.0397080291970804,0.09385903698534542,3.0801781737193763
10:41:00,inf,0.46574845958680683,0.03816793893129771,896.0,2.0264385692068427,6.103448275862069,2.1977272727272728,2.76747311827957,22.53,74.38181818181818,10.372549019607844,7.107231920199501
10:42:00,0.42592592592592593,0.8450202044212027,0.5363180964308077,2.9436392914653786,14.825688073394495,0.29367720465890185,2.8567164179104476,0.7465214761040533,1.0864440078585462,3.630281690140845,inf,0.12485041882728361
10:43:00,0.024193548387096774,0.5682539682539682,1571.0,3.1966666666666668,131.21428571428572,0.9728601252609603,1.5580952380952382,0.8607594936708861,122.61111111111111,25.764900662251655,0.32997481108312343,35.96296296296296
10:44:00,inf,0.06770186335403727,0.41485840382493566,3.936046511627907,8.390243902439025,4.85625,0.19205298013245034,0.8811013767209012,10.335,2.7827272727272727,0.8958333333333334,0.9018419850814431
10:45:00,0.9003272835465636,inf,0.28703703703703703,37.10294117647059,2.9455645161290325,0.15240641711229946,0.8716827063283756,0.09811730629978277,21.78,0.3509592132838949,399.0,0.7293544457978075
10:46:00,390.0,13.623762376237623,1.1075,2641.0,0.785706678027479,0.10773480662983426,1.6080305927342256,74.02380952380952,8.641666666666667,14.487804878048781,inf,0.6058849754792688
10:47:00,0.61875,0.7395069953364424,0.08174807197943444,0.05884615384615385,0.19526175009552924,0.43567567567567567,0.15261282660332542,38.265060240963855,7.043333333333333,89.68316831683168,0.7125223323046939,0.31313131313131315
10:48:00,inf,0.228595178719867,2.58,2.8815028901734103,524.0,0.3463035019455253,2.390374331550802,0.39256727894062365,21.904761904761905,105.43877551020408,0.6054931335830213,0.8615936826992103
10:49:00,1.8407960199004976,11.124031007751938,1788.0,0.38338493292053666,6.115511551155116,0.1566068515497553,3.7773584905660376,0.9620481927710843,13.626506024096386,14.263380281690141,0.45334859759587864,0.508825786646201
10:50:00,1.705,0.7611111111111111,0.4496253122398002,2.1248499399759906,1.0766932270916334,4.025,0.8893974778141056,1.3121149897330595,0.33549295774647886,47.69,0.3807142857142857,0.5290136469543992
10:51:00,1.766497461928934,0.12119064493267187,0.5466786355475763,0.4039796390559926,9.177339901477833,970.0,0.8097973512047232,35.78021978021978,0.12296898079763663,97.29,17.41747572815534,9.164588528678305
10:52:00,1.1133333333333333,1620.0,0.43409603609410247,1.6839378238341969,1054.5,0.1079393398751115,1.7185354691075514,3.486449864498645,3.103565365025467,0.4013316333758323,8.572115384615385,0.7207911683532658
10:53:00,0.8154205607476636,1638.0,0.06446621970087674,0.5164319248826291,1.2164948453608246,0.40647058823529414,0.49588477366255146,11.387832699619771,1.579664570230608,500.35,8.945,2.0361532899493855
10:54:00,2.6875,0.5389203698180733,59.793103448275865,6.328530259365994,1064.0,0.752017608217168,2.996913580246914,67.37777777777778,0.5599415204678363,15.466666666666667,0.257439446366782,142.79310344827587
10:55:00,0.7458180334557324,0.6705191360363774,4.913621262458472,1.2837958818263204,0.13196635120925343,0.9080663767858728,0.32065217391304346,2.3181818181818183,0.4502958579881657,20.392703862660944,3.260869565217391,1.7133041848844472
10:56:00,0.39646712463199213,0.1695906432748538,0.1592086669806877,0.1840333440205194,4.318407960199005,0.8856992639327024,0.6096185737976783,40.33766233766234,0.11322828875045804,17.180914512922467,7.595,0.06955810147299508
10:57:00,162.33333333333334,inf,0.48262314898760955,0.3592233009708738,0.2621113521330441,0.430089485458613,4.518867924528302,57.266666666666666,0.6988388969521045,21.6775,0.4854732895970009,2.079285714285714
10:58:00,0.45958219800181654,358.6,63.035714285714285,0.023954372623574145,0.3957458718164008,2.6166666666666667,0.6275571600481348,1.2982758620689656,0.2520224019912881,3.3372978116079923,17.28,0.9657860545690775
10:59:00,640.0,0.08619612742036227,0.36443148688046645,4.240917782026768,17.40495867768595,2.63,0.7659179506218674,53.5625,492.6,inf,0.4086930274675521,1479.6666666666667
11:00:00,3.973333333333333,0.4105127378265076,1.8106169296987087,193.6,0.462211118051218,0.442,0.21825023518344308,12.36,5.4475,7.784121320249777,3.257367387033399,0.0695198783402129
11:01:00,6.235294117647059,0.9202392821535393,9.82258064516129,11.4625,0.052409129332206254,0.3243093922651934,0.27244094488188975,51.816326530612244,0.3539951573849879,23.8425,21.84,216.8695652173913
11:02:00,0.2974472807991121,1.2317429406037002,0.3501475717735444,4.534351145038168,14.245,0.04619758351101635,1.2198757763975154,0.22675324675324676,0.13326263697419582,3.345055854364915,796.0,1.1386321626617375
11:03:00,0.48637015781922527,9.658415841584159,3.1781076066790352,10.315436241610739,12.985,0.952449567723343,7.151960784313726,1.2231726283048212,0.4265232974910394,10.041614123581336,8.45,0.22829818538499264
11:04:00,23.444444444444443,38.18181818181818,5.1897018970189706,0.1055303232701042,1.3275,6.14,0.40477888730385164,6.831550802139038,2.267741935483871,0.1875,0.2643437254388263,5.686121919584955
11:05:00,0.7347770700636943,0.3451032644903398,0.14822439526505404,1.5763116057233704,8.043333333333333,0.2672727272727273,4.375,4.812917594654788,2.9784366576819408,13.112,3.107843137254902,5.288948069241012
11:06:00,0.28521373510861947,0.18166666666666667,88.0,0.8562392179413456,4.434,81.47058823529412,0.5244140625,16.486666666666668,0.417329093799682,2.3907563025210083,0.8003719776813392,2.020227560050569
11:07:00,0.6159021406727829,3.4849397590361444,75.52173913043478,1.2853285328532853,7.203125,0.23466666666666666,5.216748768472907,5.330459770114943,122.0,27.097701149425287,0.5986648865153538,3.805
11:08:00,1.1366666666666667,0.3031609195402299,0.595729537366548,0.15579540122008448,7.302040816326531,4.047413793103448,2.8478964401294498,38.18,2.3627019089574155,18.0,0.05989385898407885,0.7341130340724716
11:09:00,4.81,3.5128205128205128,0.34806629834254144,1.8977407847800238,12.20945945945946,10.06,0.18475750577367206,0.5606338998621957,0.4394240317775571,inf,3.372168284789644,0.5534670008354219
11:10:00,57.7,0.6946544276457883,0.4371816638370119,0.7814126394052044,0.560417138970755,0.5368421052631579,0.6521035598705501,11.679487179487179,5.884375,1.6832083092902481,0.044967880085653104,3.067627494456763
11:11:00,inf,0.27919911012235815,0.13778705636743216,0.8367816091954023,0.27591522157996146,4.103092783505154,0.74,5.566265060240964,39.528301886792455,inf,0.094,3328.0
11:12:00,0.3627329192546584,0.05901911886949293,0.37631476431632255,5.17948717948718,inf,8.85,0.4253232278198841,7.696335078534031,3.2845849802371543,39.83898305084746,4.7269736842105265,0.5325688073394496
11:13:00,0.635,5.533333333333333,2.904645476772616,inf,inf,0.697421559490525,3.4166666666666665,0.5947964345940737,218.5,3.6429906542056076,13.173228346456693,626.0
11:14:00,1.705,0.7577970785629689,0.06293706293706294,3.165016501650165,53.054054054054056,1.0793319415448852,0.7444547996272134,34.734693877551024,inf,24.08,0.008360427310729215,2.685785536159601
11:15:00,1.3571428571428572,0.3248053392658509,4.757142857142857,7.971014492753623,0.024822695035460994,3.92,1.205128205128205,37.25,0.9411673272713142,0.4325,20.37037037037037,15.388157894736842
11:16:00,inf,0.7721651645357367,1.54281098546042,2.0236907730673317,inf,19.043478260869566,5.556650246305419,36.91304347826087,0.8854264537008039,499.3,1.05,2.8352745424292847
11:17:00,0.9670781893004116,0.8441069935915296,0.3663249211356467,0.5544108177720541,0.36608066184074456,0.20161943319838058,0.8417512256299168,32.666666666666664,9.05,1.8488372093023255,5.6608187134502925,22.831683168316832
11:18:00,8.428571428571429,0.5037683458944863,7.317535545023697,8.573529411764707,0.3738087918844144,inf,0.48450134770889486,35.0,1.4321862348178138,15.02112676056338,inf,7.906666666666666
11:19:00,0.30552659019812306,1.5429184549356223,6.00418410041841,121.65,inf,inf,0.7736053160253439,6.257028112449799,3.512720156555773,3.2951541850220263,2.375,21.207920792079207
11:20:00,0.5632183908045977,0.017665130568356373,0.2611973392461197,0.23238380809595202,1916.0,0.087893864013267,2.4302325581395348,10.78,inf,1.8338028169014085,6.67524115755627,0.20508936685852772
11:21:00,6.5,11.807692307692308,10.958620689655172,2.6695156695156697,18.97,0.5425231761386538,6.721393034825871,0.48868028713418,6.845394736842105,49.46,11.78061224489796,1.9309978768577494
11:22:00,2.605,11.96039603960396,7.352657004830918,5.237980769230769,inf,0.08459214501510574,0.3903454015813566,0.20243362831858408,0.8782391348704346,0.16336295283663704,9.25609756097561,1.7822177822177823
11:23:00,3.2847222222222223,0.8718801996672213,0.7668120956822627,2.7636363636363637,inf,3.775,0.21444954128440366,0.08901322482197355,0.9474533189950142,2.0175202156334233,4.264631043256998,4.35
11:24:00,0.3888888888888889,2.4059040590405902,0.2874564459930314,21.28,0.5402390438247012,0.456875,3.59672131147541,6.413333333333333,0.8239036389854949,48.84,11.298780487804878,1.509
11:25:00,29.363636363636363,0.2618816682832202,0.7071018967798853,2.8104693140794224,0.08410138248847926,6.73,1.6435643564356435,40.450980392156865,0.34839357429718876,33.6578947368421,0.8909811694747275,0.3084848484848485
11:26:00,1.1692307692307693,0.5807050092764379,0.37044433349975037,1.6626506024096386,0.18789808917197454,0.8063157894736842,1.7451923076923077,0.33225597931480283,0.28967350037965073,0.28960958479652965,5.003773584905661,0.8548387096774194
11:27:00,9.736842105263158,0.8504165859329588,4.192982456140351,23.86842105263158,2.31390134529148,0.607416127133608,1.2838983050847457,37.17307692307692,4.973333333333334,0.054212454212454214,2.9343832020997374,0.20195775373518804
11:28:00,0.9174129353233831,0.8729552889858233,0.7683728340967935,inf,0.2093220338983051,549.0,4.202898550724638,33.943396226415096,0.5360690015682175,30.13135593220339,0.11384062312762133,0.10953657602451168
11:29:00,0.863689776733255,0.4609084139985108,0.7953425123236444,2.294214876033058,1.505,4.71,0.7594728171334432,1.892802450229709,0.979637733340719,3.5087924970691677,13.511111111111111,0.8156547183613753
11:30:00,0.14566929133858267,28.92,0.7708473436449227,21.923076923076923,2.3134020618556703,25.28,1.236,6.817460317460317,0.8418758576156268,14.405882352941177,16.21875,0.27008310249307477
11:31:00,0.2193211488250653,0.6021245774987929,0.9098027495517035,2150.0,7.335,0.07782672540381791,0.747302546396202,1.3139664804469273,19.39,inf,1.4725274725274726,1.5811965811965811
11:32:00,0.8118811881188119,0.25133689839572193,0.8528990352469195,1.4922222222222221,0.36262513904338156,6.433962264150943,1.4195652173913043,0.559652928416486,3.7795454545454548,52.945205479452056,4.159663865546219,29.564356435643564
11:33:00,0.1346153846153846,348.6666666666667,0.8723454833597465,15.82089552238806,1.6998491704374057,1.076167076167076,4.4487804878048784,13.926666666666666,0.446941975953999,102.36842105263158,5.195,30.386138613861387
11:34:00,0.30694444444444446,1105.0,0.9288569144684252,0.1337037037037037,18.21,7.96,4.666666666666667,42.25925925925926,inf,5.436153846153847,0.6660670114684056,0.2595129375951294
11:35:00,0.088,0.8542202953529332,0.6858158682634731,0.5022890778286462,5.273333333333333,0.42765273311897106,0.5097389142146705,0.05564648117839607,0.6642901425914445,26.219269102990033,0.4237779618889809,1.2028571428571428
11:36:00,1.248780487804878,0.721492380451918,0.7810858143607706,inf,0.7119169378583604,0.74,4.6,47.145833333333336,0.2684771399106222,7.3052631578947365,123.36363636363636,inf
11:37:00,0.6246246246246246,inf,0.7379871654406011,inf,0.3899323816679189,3.465,4.798994974874372,2.4290484140233723,0.6255259467040674,0.008844045839561535,3.82,10.826415094339623
11:38:00,0.4892086330935252,43.6,0.7838846698416785,2.8133333333333335,924.0,217.75,1.1267605633802817,42.108695652173914,inf,3.310839532412327,3.709480122324159,3074.0
11:39:00,0.4266666666666667,1053.0,0.69207258834766,0.10836219693221177,2.464,1.0148883374689825,0.6031483015741508,34.333333333333336,0.11458333333333333,74.13,5.432558139534883,3.7114754098360656
11:40:00,0.41595441595441596,9.277227722772277,2.3046218487394956,inf,0.9089900110987791,11.933333333333334,0.2768754833720031,31.97826086956522,0.45371120107962215,7288.0,inf,18.43448275862069
11:41:00,1.25503355704698,0.8216666666666667,0.44620486366986,inf,1.041147132169576,0.6752015173067805,0.2703330751355538,8.944055944055943,8.055813953488371,53.37,0.07174887892376682,0.6446568201563857
11:42:00,0.6711956521739131,89.4,0.4457831325301205,705.0,0.15297663903541825,0.6001321877065433,3.8306878306878307,0.5373665480427047,0.4802777777777778,1.5285,11.41,0.02819463392451114
11:43:00,0.08518518518518518,3.457547169811321,0.6805494018608773,inf,3.0861618798955615,0.6465116279069767,0.35447263017356473,11.666666666666666,0.0575,14.297619047619047,inf,2264.0
11:44:00,0.4600389863547758,0.670549084858569,0.18581907090464547,2.519867549668874,0.556750941366326,0.2558139534883721,4.241935483870968,35.81395348837209,0.3644067796610169,1.3385714285714285,0.547304534094966,1.915737298636927
11:45:00,0.7938931297709924,inf,0.6803874092009685,42.04081632653061,0.8592677345537757,86.42857142857143,4.355191256830601,0.37961595273264404,0.3973333333333333,50.10891089108911,0.5106595602931379,6.607973421926911
11:46:00,0.13442622950819672,0.508390022675737,0.6535371857994299,0.6219512195121951,16.04,0.2125,0.8258223684210526,0.026285714285714287,8.255,50.77777777777778,0.16996951219512196,255.75
11:47:00,0.8946695095948828,0.498001998001998,0.01664145234493192,0.9316081330868762,1699.0,4.990654205607477,0.37347294938917974,0.6401087411125053,1.031973539140022,1.563431151241535,260.1666666666667,18.792079207920793
11:48:00,0.7797246558197747,881.0,0.7664085545722714,inf,14.75,0.2720496894409938,2.003003003003003,55.611111111111114,3.415,77.27142857142857,11.91891891891892,5.57
11:49:00,0.648854961832061,1064.0,3.16875,0.33868524689488033,inf,inf,1.5272727272727273,14.0,0.4772222222222222,27.33,14.6,200.4
11:50:00,0.2887700534759358,0.6583333333333333,0.38425925925925924,0.5329741379310344,inf,2.0588235294117645,0.5059687786960514,54.513513513513516,1.5202702702702702,inf,7.923913043478261,0.36617842876165113
11:51:00,inf,1095.0,4.8927038626609445,0.4836120401337793,1694.0,325.0,0.8008298755186722,0.3784135240572172,0.4647239263803681,6083.0,3.2418952618453867,0.5260474395921082
11:52:00,inf,1047.0,4.726495726495727,2198.0,inf,2.23,0.43779281624154087,0.27586206896551724,7.668181818181818,0.13352941176470587,2.882494004796163,10.245
11:53:00,inf,0.09741550695825049,0.45008116883116883,2.094151212553495,558.0,3.731034482758621,0.33060967944688874,0.7685194698448577,0.37119205298013247,32.4,14.75,0.049601417183348095
11:54:00,0.7917261055634808,6.867768595041323,0.20309278350515464,636.0,0.441834451901566,0.85,4.2897727272727275,56.388888888888886,0.5363636363636364,inf,5.52,0.7819237147595357
11:55:00,0.8075601374570447,0.7800488780271051,0.13793103448275862,90.75,0.5353200883002207,0.6790726052471019,3.8238636363636362,53.32432432432432,2.8142857142857145,0.29203078127037957,0.4864367816091954,4.605113636363637
11:56:00,0.6711711711711712,0.6042823156225218,0.7083548220732336,0.6890299184043518,0.21709129511677283,0.8876607717041801,3.6420454545454546,10.645714285714286,0.9503918004945923,2.156458055925433,0.4883435582822086,0.6100139636943945
11:57:00,2.85,9.297029702970297,3.661417322834646,17.81,1.9828897338403042,inf,2.113138686131387,2.735241502683363,0.15416098226466576,inf,0.031,1956.0
11:58:00,inf,0.585,4.462616822429907,inf,6.875,0.6030534351145038,3.8333333333333335,52.421052631578945,inf,12.612466124661246,1.016,1.5711538461538461
11:59:00,0.954868154158215,0.6973478939157566,0.7706161137440758,0.17775015537600994,inf,0.8575757575757575,0.3500391542678152,0.6565481352992194,41.8,inf,0.8132437619961612,0.5830721003134797
12:00:00,0.38721804511278196,542.0,0.10238248551191242,19.871287128712872,0.4974182444061962,0.6354733405875952,0.7354574685764397,4.0664961636828645,1.6357142857142857,2.7564730580825754,0.6330065359477124,inf
12:01:00,0.6666666666666666,inf,5.138755980861244,inf,7.023809523809524,1.0869565217391304,0.15098241985522234,44.926829268292686,0.6749591429090249,3.6763636363636363,0.07960199004975124,0.924410343847684
12:02:00,0.7121212121212122,0.03547671840354767,0.4964650432050275,1.8793342579750347,2.824324324324324,inf,3.8529411764705883,3.28246013667426,8.135,inf,9.741379310344827,4.072
12:03:00,inf,0.016177957532861477,0.9113349789845887,60.42857142857143,44.205128205128204,4.686274509803922,4.024242424242424,34.60526315789474,0.48954656530002716,0.7287177675732956,1303.0,2627.0
12:04:00,0.9952854897852279,0.34971509971509973,0.0007220216606498195,2183.0,inf,36.06666666666667,0.8929214929214929,33.64102564102564,6.624,23.58,12.55,0.6978670297254368
12:05:00,1.000312402374258,0.6879206517888771,0.4882943143812709,2.5633333333333335,1.0769230769230769,0.6743772241992882,3.908536585365854,34.28947368421053,0.30040846639435576,inf,10.495238095238095,4.269461077844311
12:06:00,0.9976647206005004,0.12685560053981107,0.8271901035092148,22.977777777777778,4.134897360703812,0.5388802488335925,4.105590062111801,1.449814126394052,18.01,19.106976744186046,4.62621359223301,0.37328094302554027
12:07:00,0.9892539146453792,846.0,0.8751717190218885,0.45918878317476214,51.39393939393939,0.8118876551273677,0.4270976616231087,34.486486486486484,0.058969276511397425,4.673316708229426,4.93,2878.0
12:08:00,inf,0.859504132231405,4.954545454545454,0.09251559251559252,553.3333333333334,0.5825545171339563,4.326666666666667,25.210526315789473,2.0962837837837838,25.76969696969697,9.68,12.537313432835822
12:09:00,inf,0.47123464770523593,3.664285714285714,inf,2.0869565217391304,4.42,3.6986301369863015,25.210526315789473,0.27795275590551183,41.15,0.6709375,0.07369255150554675
12:10:00,inf,5.96039603960396,5.561576354679803,inf,2.3681102362204722,inf,0.47058823529411764,27.333333333333332,inf,31.71,2.8033333333333332,10.646288209606986
12:11:00,1.2081632653061225,0.3340732519422864,0.5506849315068493,2.2483870967741937,inf,inf,3.8142857142857145,1.453865336658354,7.785,251.35714285714286,0.2818696883852691,0.2540707467714767
12:12:00,2.09375,0.6102783725910065,0.44052863436123346,4.259946949602122,inf,0.5478547854785478,0.8008262024195928,24.77777777777778,42.85,inf,0.7496326770496621,0.8690733571320831
12:13:00,inf,576.0,7.182926829268292,5.573770491803279,1.8790613718411553,6.253164556962025,4.17910447761194,2.032934131736527,inf,56.25396825396825,0.9449901768172888,0.12243609971599874
12:14:00,1.0292003593890386,0.3563501849568434,0.427903019991493,2.32,0.45893719806763283,inf,4.0534351145038165,26.02857142857143,2.3653846153846154,3.002197802197802,8.74,0.874972191323693
12:15:00,1.0921052631578947,0.6482213438735178,0.8368184224457385,inf,1.8073929961089494,inf,3.4044117647058822,22.441176470588236,inf,2072.0,0.0136986301369863,0.3022888713496448
12:16:00,inf,inf,0.2361431870669746,inf,363.75,0.06788079470198675,0.7730061349693251,3.7222222222222223,inf,9.120622568093385,37.4375,1.1695075757575757
12:17:00,1.326086956521739,0.22285714285714286,0.37983755375059725,2.2283333333333335,12.778846153846153,inf,0.6281967213114754,30.848484848484848,1.6242424242424243,8.996007984031936,inf,3.1197604790419162
12:18:00,1.0435910742086145,106.16666666666667,7.313725490196078,inf,0.6026414010910135,inf,2.9919354838709675,1.1638733705772812,6.095041322314049,27.857142857142858,5.02,0.813911704312115
12:19:00,0.9904371584699454,6.108910891089109,7.4144736842105265,115.3529411764706,0.6450238154926047,0.8276977359600117,3.2016129032258065,34.885714285714286,inf,33.24657534246575,0.73125,0.7747351409588795
12:20:00,1.003717472118959,0.24812834224598931,0.7352275066913733,0.4741166803615448,inf,0.5386554621848739,3.120967741935484,11.36,inf,8.738,1.3672316384180792,0.20339830084957522
12:21:00,0.95,inf,3.7709923664122136,5.410526315789474,12.65,4.27,1.2321428571428572,1.3884462151394423,0.8219543417964583,39.89473684210526,6.02,0.8924126856684063
12:22:00,inf,0.8311843361986628,7.376623376623376,inf,143.5,inf,0.13647058823529412,31.3,inf,0.6716335158361633,6.362745098039215,0.9429848639322406
12:23:00,0.16,0.4255650818394388,0.6837460161804364,1.8646153846153846,inf,inf,0.8266746770802043,37.48571428571429,11.428571428571429,2.404710920770878,2.925,0.48744723394801154
12:24:00,inf,755.0,0.21863580998781973,18.15463917525773,12.623853211009175,inf,0.790273556231003,45.78125,inf,46.36,2.81,163.42857142857142
12:25:00,0.9696969696969697,242.33333333333334,0.5063731170336037,0.2543720190779014,12.990291262135923,inf,3.8257575757575757,1.059379217273954,inf,14.52,0.30642504118616143,0.3980509745127436
12:26:00,inf,0.3688592839300583,0.020456333595594022,0.9400630914826499,90.8,inf,0.1151685393258427,38.26315789473684,inf,5.082397003745318,82.0,0.731328036322361
12:27:00,inf,0.5930038867295947,0.8723741159083711,138.0,0.8307131178468117,4.53,0.5573558003888529,9.62589928057554,5.6305220883534135,4619.0,0.5502239283429302,0.8736473417324481
12:28:00,inf,709.0,5.4863387978142075,0.4251458198314971,0.824,0.8918808649530804,0.5327169274537695,20.98507462686567,0.48,inf,0.5915384615384616,0.7948310471729676
12:29:00,3.357142857142857,0.4584615384615385,0.6876015159718463,0.1345313258863526,0.4445676274944568,0.4846938775510204,1.8811475409836065,5.132780082987552,3.2722371967654986,10.528985507246377,189.33333333333334,23.425742574257427
12:30:00,11.5,44.1764705882353,5.101604278074866,157.45454545454547,4.092,inf,0.9166162410746702,33.26190476190476,6.73,2.2771186440677966,0.49884526558891457,0.09671532846715329
12:31:00,inf,265.3333333333333,0.7406428885953324,0.635,5.383495145631068,inf,0.0943952802359882,1.466786355475763,14.98,inf,0.017142857142857144,1.982521847690387
12:32:00,2.0357142857142856,0.7745040840140023,0.48847517730496454,1.039779005524862,0.14098360655737704,inf,0.48899929027679206,12.574257425742575,2.458515283842795,inf,0.7036071273359409,0.4804953560371517
12:33:00,inf,0.3832684824902724,4.8040201005025125,19.844444444444445,0.4949768160741886,inf,0.8239164964828681,1.9752252252252251,2.3834745762711864,32.66,0.23161764705882354,8.472573839662447
12:34:00,1.187912087912088,2.4329896907216493,0.913477537437604,inf,0.23404255319148937,inf,3.930817610062893,58.90909090909091,3.246684350132626,19.64406779661017,0.9493492497720302,0.7906391108023619
12:35:00,inf,0.055,0.3689159292035398,2.13452188006483,0.4955555555555556,0.9336612999403697,4.061728395061729,1.8429423459244534,1.3143254520166898,133.12121212121212,inf,0.20340050377833754
12:36:00,inf,2.3191489361702127,4.747572815533981,19.577319587628867,inf,0.7250932338838573,4.0,69.42857142857143,1.0807833537331701,inf,0.8484571845901041,0.5717746820109025
12:37:00,5.6,728.0,4.153846153846154,73.3076923076923,10.236842105263158,inf,3.773006134969325,0.34653937947494035,1.3375886524822695,45.5,0.4414931801866475,0.7641065077381525
12:38:00,41.0,0.453125,0.29473684210526313,2.2060518731988474,1577.0,0.32666666666666666,4.363636363636363,16.329545454545453,0.6982910078262259,5774.0,0.187,6.6569920844327175
12:39:00,inf,2.4879032258064515,5.470873786407767,183.16666666666666,12.567796610169491,115.6,0.5576550387596899,2.2382075471698113,0.9370692539310806,32.625,inf,0.3047703180212014
12:40:00,inf,877.0,0.13333333333333333,732.6666666666666,6.990049751243781,inf,4.45398773006135,697.5,0.8446601941747572,inf,inf,27.0
12:41:00,0.9566153846153846,0.08879492600422834,0.1500309981401116,2.6809210526315788,6.68075117370892,0.7520991603358657,0.042923433874709975,1391.0,0.4491017964071856,inf,0.3676333021515435,27.386138613861387
12:42:00,0.11864406779661017,6.197183098591549,0.34820268514508446,25.791208791208792,0.2757648953301127,1.0830945558739256,1.1027397260273972,13.990099009900991,1.6463262764632627,inf,0.3577371048252912,0.10598227474150665
12:43:00,0.8823529411764706,0.8398109243697479,6.139175257731959,2261.0,0.694129763130793,0.7110215053763441,4.356687898089172,351.25,0.980664728927082,6361.0,0.781279105867743,0.19236504622725917
12:44:00,0.6628959276018099,0.4665942422596415,0.5675593426658552,3.5197628458498023,0.2549638989169675,0.22576832151300236,4.363636363636363,12.732673267326733,0.9666850542433513,83.13513513513513,0.7354385964912281,4.325349301397206
12:45:00,0.4489795918367347,1003.0,0.39918032786885244,10.635,0.8201973056115414,0.341,2.382239382239382,16.632911392405063,0.8753007959523662,59.93,0.40846286701208984,14.448863636363637
12:46:00,inf,0.17727272727272728,5.953846153846154,180.5,0.12022471910112359,0.01824212271973466,2.1606425702811247,1336.0,0.9062423858486428,53.613207547169814,inf,11.398009950248756
12:47:00,0.4,0.3030852994555354,0.4738095238095238,1.53375,inf,0.2725,0.5422222222222223,1.5794573643410852,7.915,0.3986046511627907,2.54,4.882793017456359
12:48:00,14.25,inf,5.068783068783069,13.744186046511627,0.16514522821576763,0.39266304347826086,3.3055555555555554,49.0,0.798941798941799,inf,0.7230483271375465,9.95
12:49:00,inf,744.0,5.110497237569061,920.5,2.475195822454308,2.377049180327869,1.3181818181818181,0.7669331089608751,3.065,73.70270270270271,1.018,1575.0
12:50:00,1.495049504950495,0.01375,0.6460838479038024,1.2696629213483146,3.3531353135313533,4.24,0.7943578322197475,0.7507104107465771,0.900286812717398,inf,8.8,377.75
12:51:00,3.7333333333333334,4.572463768115942,0.752,0.26033386327503977,1.2758620689655173,65.5,3.9130434782608696,8.69,0.9155687701850618,0.2696,8.17,10.679389312977099
12:52:00,6.0,5.478260869565218,5.25,609.3333333333334,0.5686209193870753,7.145833333333333,3.948529411764706,994.0,0.6455640744797372,inf,0.4935747663551402,0.6699029126213593
12:53:00,23.0,0.3478655767484105,0.545774647887324,253.28571428571428,0.042868277474668745,16.571428571428573,1.0,1214.0,0.9237569060773481,4.6775,0.5483333333333333,3.345514950166113
12:54:00,inf,5.79,4.9209039548022595,358.6,0.42431409649952695,0.8811249637576108,3.740740740740741,1.744047619047619,15.048543689320388,55.17567567567568,inf,1.815450643776824
12:55:00,1.0168316831683168,2.23,0.08791208791208792,7.61,0.33064979873490513,0.742142398973701,0.36926605504587157,11.314814814814815,inf,6.556,0.6900175131348512,2.8851963746223563
12:56:00,1.16,0.8077285579641847,0.5038610038610039,0.5821980018165305,1.9702970297029703,14.64,3.625,0.5084554678692221,0.7806626098715348,35.25,0.7758985200845666,12.88
12:57:00,1.4285714285714286,0.33183352080989875,0.6813740939174283,0.13036963036963037,7.746376811594203,6.72,0.8486021505376344,0.8646578140960164,2.2250996015936253,33.78,0.217,inf
12:58:00,26.333333333333332,inf,4.502890173410405,6.113924050632911,565.5,inf,0.7977464788732395,0.315,inf,24.848214285714285,0.09142857142857143,0.5017064846416383
12:59:00,3.1714285714285713,0.6409028727770177,0.45202440377149194,0.4697872340425532,1.344621513944223,2.2884615384615383,3.945945945945946,0.5409107737874861,2.669789227166276,16.18435754189944,62.5,17.960526315789473
13:00:00,2.2960526315789473,0.8574585635359117,3.9337016574585637,4.097402597402597,12.853333333333333,0.0440251572327044,3.784313725490196,inf,inf,19.983050847457626,0.945,2.7466666666666666
13:01:00,4.931034482758621,0.8284620737647878,0.02127659574468085,inf,0.6461091378753633,3.1,0.6904663640115559,3.259136212624585,0.6668888888888889,inf,0.054,8.46808510638298
13:02:00,inf,0.5016339869281046,0.4961759082217973,0.09028871391076115,0.3344120819848975,0.7958579881656804,0.42908438061041293,11.841584158415841,15.14,inf,5.47,inf
13:03:00,0.15,inf,0.3078730904817861,5.165517241379311,0.8057142857142857,1.3524229074889869,3.740740740740741,5.462962962962963,15.735294117647058,19.08910891089109,3.27,10.536423841059603
13:04:00,0.91701244813278,4.28,4.550724637681159,17.10891089108911,17.62857142857143,47.416666666666664,1.8350877192982455,715.0,0.716,12.101910828025478,7.12,0.34541420118343197
13:05:00,0.6917562724014337,0.8986524424480629,0.5684138869979578,0.3656716417910448,inf,1.05,1.7218543046357615,1660.0,16.714285714285715,0.4064,inf,inf
13:06:00,0.5975103734439834,0.6192071468453378,4.391111111111111,6.795180722891566,2.5495049504950495,1.1054545454545455,2.9682539682539684,0.29548180727708917,6.952173913043478,inf,9.69,inf
13:07:00,inf,0.2130841121495327,4.012820512820513,inf,9.481481481481481,inf,0.7928153717627402,1789.0,0.08764736032803691,inf,8.86,4.79608938547486
13:08:00,inf,0.8125246937969182,0.4482501861504095,2.8446280991735535,50.114285714285714,0.7902003248511099,2.4347826086956523,18.792079207920793,0.02409090909090909,inf,14.069306930693068,0.24212846347607053
13:09:00,1.78,0.40725806451612906,5.0390625,0.4489028213166144,126.0,0.030585106382978722,3.9611650485436893,3.7004950495049505,0.7994846344722275,61.58620689655172,inf,0.5943737230865944
13:10:00,63.0,inf,4.478260869565218,3.975824175824176,48.457142857142856,4.432624113475177,0.9320388349514563,0.6020579588408231,19.75,33.43,3.537974683544304,0.6756931012250161
13:11:00,1.92,0.2240618101545254,0.013843111404087014,2.302857142857143,49.114285714285714,0.7657091561938959,3.527027027027027,5.458471760797342,20.22,53.47761194029851,14.2,inf
13:12:00,0.9405940594059405,7.9338235294117645,0.07590132827324478,21.78181818181818,inf,0.11237113402061856,2.1341463414634148,inf,31.185714285714287,9.374064837905237,0.4851063829787234,67.26829268292683
13:13:00,0.9,5.230263157894737,0.8675329362930879,20.445544554455445,10.733333333333333,0.23657142857142857,1.2746268656716417,1984.0,0.9283571299475872,10.993333333333334,0.7855297157622739,2408.0
13:14:00,3.0535714285714284,0.2515432098765432,0.888679954870252,2.520376175548589,45.34285714285714,0.723463687150838,0.3516666666666667,19.237623762376238,0.5741706655539328,64.64912280701755,1487.0,inf
13:15:00,1.59,0.12555555555555556,0.4567307692307692,460.8,1.7843137254901962,0.12378640776699029,1.5859154929577466,42.46808510638298,0.6108856088560886,12.594855305466238,13.76,0.8954703832752613
13:16:00,2.27,1.1231732776617953,0.8606660666066607,2413.0,0.7242932587760174,0.41515151515151516,0.5197080291970803,inf,0.20444444444444446,0.25439072967590076,11.491071428571429,15.027777777777779
13:17:00,0.9639416460225709,0.152,0.3938500421229992,0.7113323124042878,0.6094853683148335,0.7173447537473233,2.588,1.4751243781094527,18.84,3.7437252311756937,10.46,5.17741935483871
13:18:00,0.8183760683760684,0.5957820738137083,2.748166259168704,10.29,0.4584375,inf,1.1042128603104213,2247.0,3.28781512605042,13.15,4.265,21.56
13:19:00,4.777777777777778,7.97029702970297,3.861290322580645,inf,3.132029339853301,6.519230769230769,1.6079545454545454,6.556666666666667,19.0,17.10828025477707,1.7191011235955056,21.32
13:20:00,0.16333333333333333,0.05748502994011976,0.04081632653061224,0.27549824150058616,0.5702821641211494,4.7,1.9319727891156462,6.06312292358804,4.548022598870056,26.058823529411764,8.45,inf
13:21:00,0.7858744394618834,0.7831513260530422,2.3559322033898304,2.3047619047619046,0.6051851851851852,inf,1.103448275862069,0.30062939651980747,17.68,4.238,3.052132701421801,19.86
13:22:00,0.44166666666666665,0.8607101053452985,3.6754966887417218,353.1666666666667,0.43810359964881473,0.5923366834170855,0.5837621497998856,4.221556886227545,2.3964285714285714,0.03328456474030724,0.5758620689655173,0.6362458348759719
13:23:00,inf,0.45055889939810834,0.3940909090909091,2.343089430894309,0.21619496855345913,0.33695652173913043,0.5079006772009029,12.81981981981982,2.0803418803418805,25.936363636363637,1.7666666666666666,0.3947716743878226
13:24:00,0.9581967213114754,1.51,3.3627118644067795,18.533333333333335,0.12514092446448705,4.05,0.49772727272727274,inf,2.578,2.8903924221921518,3.085,8.015
13:25:00,0.9634941329856584,1.2304347826086957,3.2790697674418605,18.704761904761906,inf,3.88,1.8728813559322033,1443.0,0.4290322580645161,23.322314049586776,3.055,0.5825861255309108
13:26:00,1.2467532467532467,0.5572727272727273,0.0964722822174226,1.8771428571428572,inf,0.7033104309806371,0.9548192771084337,719.0,0.8845062812373362,1.9438669438669438,6.115044247787611,inf
13:27:00,inf,2.764705882352941,1.2730627306273063,497.25,6.794117647058823,0.061946902654867256,0.30709426627793973,1.2359208523592085,1.4686609686609686,6.465979381443299,1.1,14.97
13:28:00,1.086734693877551,7.34,3.323741007194245,1936.0,22.892307692307693,0.06947368421052631,0.8067467124070897,1391.0,0.28992314261315116,10.603333333333333,0.44,7.105527638190955
13:29:00,1.1156462585034013,0.5283018867924528,0.7414664981036663,1.4194756554307115,37.31707317073171,0.4431818181818182,0.459214501510574,inf,inf,125.82142857142857,0.9184023804074158,0.20491374803972817
13:30:00,1.320754716981132,1.4261363636363635,3.3652482269503547,0.18322023442319557,0.09535020600353149,8.584905660377359,2.04,706.5,0.5627136471206942,2.9903498190591074,0.6340621403912543,0.7744117647058824
13:31:00,1.1538461538461537,inf,0.8535502958579881,7.686635944700461,2.12109375,0.3325,2.4642857142857144,2.5635910224438905,inf,0.38028169014084506,1.0075,0.021700879765395895
13:32:00,0.9884547069271759,0.39574468085106385,0.6880451513596716,2.6805555555555554,4.716363636363637,1.5128205128205128,0.88,0.48926720947446334,14.943396226415095,33.37735849056604,3.5566502463054186,13.471153846153847
13:33:00,0.8918439716312057,0.10149253731343283,1.6115702479338843,23.773333333333333,251.33333333333334,3.876190476190476,0.5182054616384916,1380.0,inf,inf,232.75,inf
13:34:00,1.03,0.9589099124541091,3.193661971830986,inf,284.6,2.360294117647059,0.027982326951399118,0.2633085289066972,2.7119815668202767,14.008771929824562,inf,1502.0
13:35:00,inf,0.8958031837916064,0.37650602409638556,1.921951219512195,0.6077527785307671,0.8531304856641311,0.06521739130434782,inf,0.8971119133574007,31.85,3.525,16.19
13:36:00,0.6639344262295082,inf,3.2356902356902357,18.419354838709676,1.6061705989110708,inf,1.2093023255813953,0.7770640974173691,inf,1686.0,0.37308461025982675,inf
13:37:00,inf,inf,2.167816091954023,2.1308562197092082,0.05197368421052632,inf,1.3954154727793697,910.0,0.5991859468723222,8.07,0.03451407811080836,9.099056603773585
13:38:00,39.42857142857143,0.30375,0.0007037297677691766,1.6356687898089173,0.5212171970965941,0.328,0.6618705035971223,1849.0,0.6140453834115805,6.781853281853282,3.716666666666667,0.5665564282761472
13:39:00,inf,322.0,3.460122699386503,12.467948717948717,0.28108903605592345,0.6178128523111612,0.6302681992337165,0.7455201925648569,inf,30.609375,2.997191011235955,2233.0
13:40:00,inf,inf,2.4059633027522938,0.5863003095975232,7.651960784313726,0.0980891719745223,2.6666666666666665,26.47142857142857,inf,0.15357071812214043,11.35897435897436,10.019138755980862
13:41:00,0.8130193905817175,0.18375,0.23452938117524702,19.93069306930693,0.2233570159857904,5.633663366336633,0.508577194752775,1790.0,227.11111111111111,5.148571428571429,inf,inf
13:42:00,inf,4.1,1.8932461873638344,2.1333333333333333,6.297169811320755,134.75,0.676829268292683,0.7832989158492514,8.58,0.03556609365737996,1.6958424507658643,0.26960418222554144
13:43:00,inf,652.0,2.3972972972972975,18.305263157894736,13.73,1.5572139303482586,0.8603491271820449,0.6695099818511797,16.580952380952382,3.7164591977869987,10.0,1.8266666666666667
13:44:00,0.8600583090379009,0.017173051519154558,0.3230277185501066,2.074875207986689,0.6833083351189201,0.7266666666666667,1.2912621359223302,inf,14.466666666666667,138.17857142857142,inf,inf
13:45:00,1.096551724137931,inf,2.125,16.346153846153847,0.7324503311258278,0.53,0.8927444794952681,0.6259063296100333,0.5257352941176471,9.282560706401766,4.645,0.7333333333333333
13:46:00,inf,inf,2.180451127819549,306.6666666666667,0.9327868852459016,3.2796610169491527,0.40941176470588236,18.366336633663366,16.80952380952381,10.179551122194514,1.5675,0.1201067615658363
13:47:00,0.5681818181818182,0.0575,0.1034937376400791,1.301643192488263,0.5558599695585997,4.53,1.0242424242424242,0.03235014272121789,5.5633333333333335,0.48818181818181816,0.8327251496131951,inf
13:48:00,4.052631578947368,0.10272727272727272,2.2590799031476996,3.546082949308756,inf,4.88,3.6296296296296298,0.7035294117647058,18.99,23.585,0.601418439716312,17.26829268292683
13:49:00,inf,0.24233784746970777,1.803088803088803,46.78260869565217,0.08319467554076539,inf,inf,9.288557213930348,inf,1.562473164448261,5.54,179.53846153846155
13:50:00,0.5805825242718446,0.37846836847946724,0.14683734939759036,2.83,2.827433628318584,0.5014858841010401,0.3046153846153846,0.8809090909090909,0.479707252162342,28.36190476190476,0.20745920745920746,0.25724976613657624
13:51:00,1.896103896103896,0.8656791998987213,0.4487645348837209,21.78,16.47,2.407035175879397,0.533210332103321,0.7374342489772063,9.905940594059405,inf,inf,1.3640873015873016
13:52:00,0.1,0.5686274509803921,2.3348214285714284,1097.5,0.7294537202139731,11.6,1.0225,0.4031380083253282,inf,6776.0,13.4,68.9090909090909
13:53:00,0.4805194805194805,0.8216666666666667,0.3063143752798925,2.8233333333333333,0.1763046544428773,79.77777777777777,4.566037735849057,inf,inf,3.962857142857143,23.51923076923077,inf
13:54:00,4.833333333333333,inf,1.7988614800759013,0.3818283166109253,0.2557603686635945,6.02,52.333333333333336,0.758822779971971,0.6585920988457161,28.219298245614034,0.5009373828271466,8.594202898550725
13:55:00,0.9036036036036036,inf,0.7013301088270859,inf,0.6098609355246524,43.666666666666664,1.4966666666666666,8.124378109452737,0.6597315436241611,30.70873786407767,7.633093525179856,9.14
13:56:00,0.6761658031088082,0.7104956268221574,0.5079928952042628,inf,1.5165562913907285,163.0,16.844444444444445,1.256857855361596,0.31614885626493683,inf,2.2825,5.716666666666667
13:57:00,0.7967032967032966,3.8,0.7400158165282721,9.59,0.38783894823336074,4.8173076923076925,inf,0.7197851387645479,0.5150063051702396,367.44444444444446,2.993333333333333,18.86
13:58:00,31.333333333333332,824.0,1.4761904761904763,68.43333333333334,21.88888888888889,1.3721804511278195,inf,0.76931038944236,0.19962570180910794,28.313636363636363,0.677356385945343,420.8
13:59:00,0.17307692307692307,0.01625,0.7898671096345515,1.0660098522167487,0.1626541397533764,inf,inf,0.9506302521008403,0.026903553299492386,20.235099337748345,inf,4.543814432989691
14:00:00,0.2518518518518518,3.1576354679802954,0.9522061522648851,0.6785714285714286,2.25,0.9326606054550904,0.2614742698191933,0.7518293439166563,inf,0.029071934401789044,inf,1.6372413793103449
14:01:00,1.4285714285714286,322.0,0.7591202653168092,0.37351351351351353,0.43324720068906114,0.8567498526233052,3.326923076923077,341.5,0.9327197091290249,1.5177272727272728,1.4918831168831168,0.7171548117154811
14:02:00,0.22988505747126436,0.5942857142857143,0.7203322784810127,0.1385672937771346,51.121212121212125,2.775,6.162790697674419,2135.0,20.2,58.18,inf,0.5323840146991272
14:03:00,49.2,inf,2.1693002257336342,0.28774583963691375,0.29987709954936503,5.84,18.177777777777777,0.7017921146953405,0.7009171682430496,8.930116472545757,4.043333333333333,0.3230769230769231
14:04:00,368.0,10.51,2.524137931034483,18.992125984251967,1.4516971279373367,2.805,2.250814332247557,inf,0.674007534048102,6.5530586766541825,4.85,0.004210526315789474
14:05:00,0.7163461538461539,0.22383073496659242,0.2866961217476681,22.85,26.78125,0.3675,5.386206896551724,10.009852216748769,0.6518804243008679,53.575471698113205,4.423333333333333,0.15515771526001704
14:06:00,7.354838709677419,1135.0,0.9136138927620737,0.6393364172914341,0.28134556574923547,0.6497005988023952,7.96,0.6523687580025608,19.57,1.2820512820512822,13.34,1.4709066305818674
14:07:00,inf,4.706467661691542,1.1095679012345678,0.5570559147965005,0.4330550918196995,0.16527942925089179,0.008839779005524863,17.83478260869565,19.89,0.14988344988344987,0.6443914081145584,0.18472610955617752
14:08:00,0.033112582781456956,0.155,0.42646456370340025,0.7160199952392288,0.6999050332383666,6.14,5.673611111111111,0.11425111021396851,inf,0.3500924214417745,2.795,9.715
14:09:00,0.25625,18.0,1.605263157894737,0.10146804835924007,0.8539003149898091,0.9466666666666667,1.18,0.7799328204572543,0.2903703703703704,0.9670131043831902,0.7308347529812607,0.0022560631697687537
14:10:00,0.9233333333333333,477.5,0.28762135922330095,140.26666666666668,0.12588171459576777,4.29,0.6425376169174462,8.797029702970297,0.7628814407203601,0.06084600958533028,0.33665559246954596,0.4614886731391586
14:11:00,0.9218241042345277,0.7348963029756538,0.6244570664884731,0.34891857506361323,inf,0.041916167664670656,0.4116331096196868,8.606965174129353,4.204545454545454,0.8578619571708899,0.27552275522755226,3.8073089700996676
14:12:00,1.608695652173913,0.9005964214711729,1.0831758034026464,1.18,73.65,2.8512396694214877,inf,0.8184904153354633,3.754054054054054,0.8356117094725214,8.7,2.570388349514563
14:13:00,1.0805970149253732,inf,1.530373831775701,inf,1.5777385159010602,0.51,0.45076923076923076,17.16,0.41550493029581775,0.5837616699884611,3.885,14.35
14:14:00,0.8630952380952381,0.6439830834294502,0.39434364994663823,2.2354892205638475,0.09345794392523364,0.6133333333333333,0.8765743073047859,1746.0,3.36144578313253,0.8717853495497169,inf,15.83
14:15:00,inf,0.529886914378029,0.3623529411764706,19.33,5.232,1.475,2.5306122448979593,0.7211764705882353,11.119205298013245,0.9364376715920659,0.5641666666666667,15.97
14:16:00,inf,5.834586466165414,0.4556803995006242,2045.0,2.5981308411214954,1.505,21.9,1.1244444444444444,18.27,0.7505930558550787,0.7128442868830106,0.34287867370007535
14:17:00,0.8413926499032882,0.48760330578512395,0.6605818596691386,1.997142857142857,73.9047619047619,1.34,5.94,1.2108731466227347,inf,3.6037549407114624,6.218543046357616,137.30769230769232
14:18:00,0.9878575838649928,7.46,1.4315352697095436,2142.0,10.755725190839694,1.2952380952380953,420.5,0.8674987518721917,0.5642251684416432,0.30721489526764933,4.103960396039604,inf
14:19:00,0.988474779224667,7.89,0.310989010989011,2142.0,inf,0.5975232198142415,7.366336633663367,0.49762389680923286,0.2276570048309179,0.31636020744931637,0.018095238095238095,inf
14:20:00,0.4411764705882353,0.15181818181818182,0.4692885550154662,0.41199478487614083,5.766233766233766,0.9115205843293492,1.9333333333333333,0.6432160804020101,0.42134442134442135,11.106,inf,0.08333333333333333
14:21:00,0.07058823529411765,0.29394812680115273,0.4861676159479251,21.38,51.67741935483871,0.6865101037684326,8.31,0.8751325340510562,1.4712103407755581,0.7971455311183903,inf,0.15297202797202797
14:22:00,0.42,0.017957351290684626,0.545,20.69,28.21818181818182,0.6297016861219196,1.9967845659163987,inf,82.2,2.598410472183263,8.86,inf
14:23:00,0.4951923076923077,0.1193058568329718,0.35761254425897826,2.6233333333333335,0.04414469650521153,inf,8.5,5.8,0.28236744759556104,inf,7.03,1.929708222811671
14:24:00,2.935483870967742,2.93,0.3286893704850361,inf,1.0605670103092784,5.38,0.2337448559670782,0.772249123392887,9.67,0.3605143229166667,0.8058695652173913,22.79
14:25:00,0.638095238095238,0.8967257844474761,0.5370302809193724,0.817902026160554,11.1015625,0.9081020778134151,4.343023255813954,13.77,0.7806563039723662,0.0436359240904146,0.7980356046654389,0.4294835680751174
14:26:00,0.8529411764705882,0.7745067334794864,0.38631889763779526,0.9438299718065496,0.0960419091967404,0.6374269005847953,1.7537537537537538,746.5,2.52258064516129,0.48001359619306594,4.119402985074627,7.396739130434782
14:27:00,0.9307692307692308,4.83,3.0923566878980893,0.9682759242832013,0.1224712957900492,6.82,1.97444089456869,0.8693731243747916,1.1318785578747628,0.8112450752361513,6.28,43.763888888888886
14:28:00,0.7246376811594203,5.09,0.02190332326283988,0.9757193458107399,2.584051724137931,6.96,inf,14.7,114.45,0.7930314990321526,0.019317450096587252,15.245
14:29:00,0.2196969696969697,0.3225,0.43747276688453157,0.869403892944039,9.668874172185431,inf,224.75,6.343283582089552,13.103225806451613,0.6620073523125588,3.64,14.155
14:30:00,0.7413793103448276,1.936046511627907,0.7033898305084746,0.6610824742268041,12.631578947368421,8.171052631578947,0.7405870145271272,0.853949785670545,0.35629742033383915,0.6293191180033922,0.652,20.007194244604317
14:31:00,inf,4.37,3.794425087108014,0.7671584348941629,115.14285714285714,inf,0.0033333333333333335,0.5122950819672131,inf,3.3006845708267507,0.12053571428571429,0.10586499446698636
14:32:00,0.23148148148148148,0.4255555555555556,0.9707602339181286,0.8945228297080149,14.461538461538462,0.685,1.9766666666666666,0.8202247191011236,9.135265700483092,181.77777777777777,0.13234142521534847,inf
14:33:00,inf,2.69,0.512006196746708,0.9651699242824441,5.41991341991342,inf,0.5195154777927322,0.8378440631118277,5.276666666666666,2.1196306704134886,5.125,0.6106574989256554
14:34:00,inf,0.53,0.5304091411721342,0.8881918614334092,0.3650503202195791,0.5825,0.2781818181818182,1.4103585657370519,0.19392917369308602,37.8423645320197,inf,10.995633187772926
14:35:00,0.793918918918919,0.7245454545454545,0.26503972758229283,inf,2.301098901098901,inf,0.1115485564304462,1249.0,2.389473684210526,8.232876712328768,inf,3.409937888198758
14:36:00,0.25098039215686274,0.12882096069868995,2.654353562005277,0.6588854183790893,749.5,1.200657894736842,5.035714285714286,0.894633730834753,18.28,58.89108910891089,0.44222222222222224,0.5877375059875459
14:37:00,0.1518987341772152,0.6178467507274491,3.917562724014337,0.44301721781907627,13.64,inf,2.425,9.411764705882353,0.16005291005291006,0.5421164604838075,1251.0,24.11
14:38:00,0.9863806365111848,0.6547533952823446,0.18845700824499412,0.5331359599180141,374.0,2.45,7.931506849315069,0.9167366358802127,1.4307116104868913,0.5136986301369864,2.4275,32.32835820895522
14:39:00,0.9539614561027837,31.8,3.5965517241379312,0.9233522683059684,13.31,0.13523131672597866,0.38704318936877075,0.8820960698689956,0.892658923156148,6.897180762852405,8.301470588235293,inf
14:40:00,0.9649379108838568,4.6,3.77007299270073,0.9487857910041129,12.831683168316832,0.8677814938684504,0.8219512195121951,0.8406040268456376,0.8818818818818819,6.421666666666667,inf,0.5834653988378236
14:41:00,0.49264705882352944,0.3307943416757345,0.2713178294573643,3.459090909090909,349.0,1.5194805194805194,2.702970297029703,0.568,inf,0.08052708638360176,0.8335040983606558,0.35857371794871795
14:42:00,0.5245901639344263,0.36091954022988504,0.23439000960614795,13.687022900763358,1384.0,4.3,3.0444444444444443,0.7429572325207999,6.4937759336099585,78.5576923076923,8.97,0.7872399445214979
14:43:00,0.8815331010452961,2.08,2.3733333333333335,2.2857142857142856,336.75,0.14725274725274726,0.8076923076923077,4.351515151515152,0.6463414634146342,99.95,0.22896039603960397,0.3834071687474829
14:44:00,0.6920980926430518,0.48546042003231016,0.2221563981042654,0.5300274109145278,12.47,9.980392156862745,1.6170886075949367,119.06666666666666,149.0,8.362612612612613,1148.0,0.059850374064837904
14:45:00,0.8996781115879828,0.9141951550826353,4.156934306569343,35.345454545454544,2.056842105263158,inf,2.9298245614035086,0.8757685950413223,inf,1.2328835582208895,inf,10.13
14:46:00,0.8125,0.7382068103717588,0.8253848094877618,inf,0.549492385786802,inf,0.38328729281767954,4.885714285714286,inf,0.44892857142857145,inf,6.314754098360655
14:47:00,0.5124378109452736,inf,4.219672131147541,0.6768509307943726,3.9853372434017595,inf,28.86111111111111,0.5997109826589595,2.5366666666666666,43.313559322033896,0.511540860885839,24.46
14:48:00,1.0692307692307692,140.0,3.215633423180593,0.4710161400318254,0.035509736540664374,0.398,7.909090909090909,0.6845779220779221,9.46,33.913333333333334,0.27714285714285714,6.545731707317073
14:49:00,22.642857142857142,15.24,4.988888888888889,inf,0.05114320096269555,6.247524752475248,8.669491525423728,0.006793478260869565,1.3610503282275712,inf,3.16,54.69565217391305
14:50:00,1.72265625,0.8726190476190476,0.23487118034751348,33.29545454545455,2.3295615275813297,8.423076923076923,12.356521739130434,0.07526881720430108,25.84,33.97267759562842,24.11,0.10850439882697947
14:51:00,7.860759493670886,inf,5.979522184300341,190.375,18.675,6.6692307692307695,inf,0.64156587332553,2.6675675675675676,2.134727626459144,24.45,7.525
14:52:00,0.6892093485827946,0.7434991974317817,2.4618117229129663,4.662135922330097,0.4905405405405405,1.1568181818181817,6.45,25.8,0.6977720751195614,1.6293333333333333,inf,0.24547563805104408
14:53:00,0.06451612903225806,15.68,0.29504273504273504,0.8977061376317421,9.037974683544304,11.0,11.676923076923076,0.27850326469111,26.45,1.9252767527675276,147.31578947368422,5.450184501845018
14:54:00,inf,99.11764705882354,7.144486692015209,3121.0,2479.0,1112.0,15.34,0.5632304465088402,inf,2.8585011185682325,0.7029411764705882,0.6838586437440306
14:55:00,0.41414141414141414,0.32266526757607555,0.37689243027888447,5.3225,3.8678304239401498,0.2616984402079723,7.7612903225806456,7.255813953488372,inf,11.671875,0.4966785896780787,1.7842278203723987
14:56:00,0.22509225092250923,0.5405405405405406,0.1466733870967742,3.1283333333333334,29.93548387096774,1.8762886597938144,57.95652173913044,2322.0,inf,12.637931034482758,0.8433440919467842,0.05698529411764706
14:57:00,inf,1.4885057471264367,2.6755555555555555,inf,0.04660303200449186,0.8246838203227214,inf,0.7548140043763676,inf,52.53,17.313725490196077,0.4105237633365664
14:58:00,2.0,4.1173913043478265,5.041984732824427,21.96039603960396,0.3802469135802469,inf,0.5722637219876583,0.9880514705882353,20.217821782178216,15.39102564102564,16.23,0.05896705978039853
14:59:00,0.7126137841352406,0.32021857923497266,0.2345679012345679,0.8107883817427386,0.5453703703703704,0.7243367935409458,0.055303030303030305,5.464615384615384,4.0875,1.337890625,0.5389221556886228,0.15564395822973645
15:00:00,0.175,1.1925233644859814,1.8323353293413174,3.21,1.4429223744292237,0.8496548748921484,0.5109153581003447,0.7675594277723997,18.56,6.093023255813954,6.165,0.3172065628944047
15:01:00,inf,96.0,4.797520661157025,14.488721804511279,inf,0.0715372907153729,1.5646123260437377,3.316733067729084,484.0,103.025,0.38788426763110306,0.37828017763423494
15:02:00,1.084033613445378,0.48462537895192725,0.45380333951762525,2.0613409415121255,0.13726835964310227,6.3,654.0,1123.0,inf,15.329004329004329,inf,0.7368097215812952
15:03:00,0.5767676767676768,3.136842105263158,0.49391025641025643,0.5120017617264919,1.0966239813736904,2.6478260869565218,0.31746031746031744,0.6537097250960686,0.9372727272727273,12.179310344827586,0.8009726443768997,0.6997820792206128
15:04:00,0.41870350690754515,78.4375,6.1203319502074685,0.18798828125,7.756637168141593,3.66,0.7493211133740665,0.5695227358136039,4.074398249452954,0.7998375964271214,5.213333333333333,0.6303772796881526
15:05:00,19.333333333333332,0.7079326923076923,0.07753357753357754,inf,1995.0,0.5932415519399249,inf,0.45563709139426284,0.7519689173579754,9.424593967517401,0.678452513080704,0.5284598214285714
15:06:00,0.1822721598002497,10.587301587301587,0.6270018244475978,2.2391857506361323,0.737030191004313,0.34944480731548005,1.1339031339031338,0.731756164726499,0.43563766388557806,17.8,0.39945205479452056,0.05057705363204345
15:07:00,0.5988819007686932,3.2839116719242902,6.641666666666667,3.650557620817844,0.14878048780487804,0.05560882070949185,0.6792990142387733,0.5964125560538116,0.307983682983683,14.558064516129033,27.52,60.84
15:08:00,0.8698763825634352,0.7485921158487531,3.2475247524752477,3.5733333333333333,inf,inf,0.19056261343012704,2166.0,6.486666666666666,9.469696969696969,0.8620331179921289,0.3589108910891089
15:09:00,0.7383845604002859,84.33333333333333,5.66530612244898,1.1315315315315315,inf,0.18714285714285714,0.785307979847229,0.6594303310238645,219.2,2.059143439836846,0.8548780487804878,0.6963249516441006
15:10:00,0.8230309072781655,36.42424242424242,0.4098479362780594,inf,0.32115249472944485,0.4166666666666667,0.0674401740391588,10.07960199004975,inf,17.985714285714284,0.8315533980582525,0.6432637571157496
15:11:00,0.49597423510466987,0.4857142857142857,3.4180790960451977,2.9879725085910653,0.3975585615308479,0.34710743801652894,0.7076149425287356,0.20773480662983426,20.32,3.790931989924433,0.166156202143951,0.37697160883280756
15:12:00,0.9248166259168704,0.7969274236270528,5.214007782101167,21.728155339805824,1.0553709856035438,107.875,0.15508021390374332,0.8390759592795615,721.6666666666666,37.51,0.8491083676268861,0.2354280510018215
15:13:00,0.4663726571113561,0.2736231884057971,3.7057220708446867,2499.0,993.5,0.5873544093178037,1.193388429752066,9.41,6.6033333333333335,0.0976054732041049,0.4138627187079408,0.21425593997498957
15:14:00,0.2330246913580247,0.5343137254901961,0.03387916431394692,2.6730486008836523,0.20120481927710843,0.5787852112676056,0.6288293216630197,0.6575298290873912,758.6666666666666,18.357487922705314,2.326,0.37582005623242737
15:15:00,0.9127549368727743,inf,5.234657039711191,6.31700288184438,3.0686868686868687,12.027027027027026,0.6288265306122449,0.07724425887265135,inf,1.4257528556593977,7.0495049504950495,0.7418529261218222
15:16:00,0.6431322207958922,35.8,5.013513513513513,0.2438212927756654,inf,0.2325,0.6572361262241567,inf,3.405607476635514,9.108108108108109,2.41,1.2670807453416149
15:17:00,1.8557692307692308,0.009984639016897081,0.010514665190924184,0.5649882903981265,7.784232365145228,0.007835455435847209,0.5383615084525357,0.6876841484973483,48.875,6.584375,1743.0,0.2347803750321089
15:18:00,0.8983202287348105,inf,3.369727047146402,inf,1.1277486910994765,0.6726013847675568,6.540372670807454,0.7567567567567568,0.7692383583267561,8.904166666666667,0.17152373022481265,0.10880398671096346
15:19:00,0.8767154105736783,31.341463414634145,3.0785219399538106,inf,19.36,0.8729961476326581,inf,137.4,3.544573643410853,3.1588180978762694,13.46,0.9319915120700885
15:20:00,0.2513586956521739,0.7514839730906213,0.0803680981595092,1.9044368600682593,132.6,0.6373897707231041,2.97,10.823529411764707,2.653605015673981,0.04487179487179487,0.8965080259081949,0.007709251101321586
15:21:00,0.8900192948605508,0.4654514624841034,0.6836970019513926,1.1954887218045114,8.80295566502463,9.83,0.22409488139825218,0.7361372440509131,23.04,22.254901960784313,0.593,6.534188034188034
15:22:00,0.8292239813132624,0.10678925035360678,1.0517038777908343,145.11111111111111,14.4,0.18222222222222223,0.6668379142049833,0.4964871194379391,0.5214646464646465,5.628912071535022,4.208609271523179,0.8537981269510926
15:23:00,0.03982300884955752,0.12281879194630872,0.1418951418951419,0.6340399002493765,171.16666666666666,1.224,0.8700259948010398,342.42857142857144,0.7813090843612136,417.6,0.7961038961038961,0.6541360557198741
15:24:00,0.8938510248291951,33.875,1.574814814814815,9.665271966527197,0.038601982263954095,0.5157142857142857,inf,0.7706586826347306,0.46625,5.722703639514731,0.7921207041072925,0.700227100681302
15:25:00,0.7585610515392598,5.921212121212121,0.24123182207014543,24.56,2.4734133790737562,3.54251012145749,0.14575163398692811,2.975083056478405,21.83809523809524,2.1716118684843626,0.26688402421984164,0.5012175324675324
15:26:00,1.875,0.40836408364083643,0.30955165692007797,2.309933774834437,0.4637096774193548,0.47796456156292594,0.7192299372701709,8.803030303030303,10.11737089201878,1.1004997223764574,0.8712312103571118,0.7155919153031761
15:27:00,0.866909090909091,0.16975748930099857,3.351674641148325,0.09100719424460432,0.13597972972972974,1.35,0.19275629220380602,0.6556430446194226,22.74,6.181132075471698,0.7567654123298639,1.2446739832149774
15:28:00,1.4367088607594938,5.698924731182796,3.321759259259259,97.3076923076923,10.235294117647058,0.7694444444444445,0.7411477411477412,0.618018018018018,2.3292682926829267,4.84044233807267,0.7324215325267404,0.942194029602251
15:29:00,1.3164893617021276,0.9138251704897706,0.7001526717557252,0.5026080476900149,69.7741935483871,2.3675,8.596026490066226,2.492481203007519,0.760989010989011,0.6903725971046595,0.8208955223880597,0.9410993705399764
15:30:00,0.9231435000865501,0.4898527656187823,0.5290534208059982,0.3485496909177366,0.3729964683509916,0.7759191785359391,1.1742857142857144,0.697552623627757,0.26571668063704945,0.10520913523222993,0.35051915503043324,0.5716374269005848
15:31:00,0.8128604998931852,0.3892245720040282,0.40176151761517614,0.2610659439927733,1.1304713804713804,0.6676456191874695,9.895104895104895,0.023317788141239172,0.03838771593090211,0.971824686940966,5.418006430868167,0.37644459551325626
15:32:00,2.2186495176848875,6.316666666666666,0.40339819128528365,4.404850746268656,3.4614093959731544,0.017064846416382253,0.5210617426428159,0.1551347414420976,2.4120481927710844,0.09790499896287078,0.2888665997993982,0.0727886237647626
15:33:00,0.8091879527258864,0.6174174174174174,1.934065934065934,183.125,9.25287356321839,0.38564102564102565,0.5981112277019937,0.5471535365152387,0.27985579089680035,0.018059381695745332,10.815,0.5207444746025591
15:34:00,0.37965700768775873,0.3111919927206551,2.4301242236024843,inf,0.20191888355865678,0.43172526573998365,2.661363636363636,inf,2.5679314565483478,0.3364127764127764,7.073333333333333,0.5565564424173318
15:35:00,3.522267206477733,15.34,0.09134615384615384,2.425274725274725,0.1456953642384106,0.16393442622950818,0.32330525471319693,0.5178069353327085,0.7431614827439285,0.23073456511942317,0.24216691068814056,0.8662698278486151
15:36:00,0.7953292247810574,73.36,0.5627409744128987,0.4894885940062621,3.5572289156626504,1.5398089171974523,0.4427050720100188,0.519469405220368,0.8352577319587629,16.20377358490566,3.5080645161290325,1.0516160154365655
15:37:00,1.4166666666666667,17.317307692307693,3.1867768595041324,0.2278565101860053,20.447552447552447,0.23094512195121952,0.6056079062284532,643.6,0.44245076586433263,5.974455296769347,0.7930962921970116,0.6432119205298014
15:38:00,0.8344370860927153,0.7930682976554536,0.5833333333333334,402.3333333333333,1.6298116298116299,0.5911193339500462,0.760519801980198,5.56188605108055,3.8380281690140845,4.1130573248407645,1.818342151675485,6.535335689045937
15:39:00,0.3129131776112825,0.5529461102956594,0.21397379912663755,36.86,0.2722117202268431,0.9956989247311828,0.8784139913751797,0.6020361990950226,0.1865079365079365,12.43108108108108,0.4645412130637636,0.7889414900951418
15:40:00,7.02,0.7209838585703305,0.4986958789775691,1.538914323086985,2.5230296827021492,0.25181758096497026,0.33312,16.509615384615383,0.9668626402993051,1.0841217605923488,0.32616163442415474,0.6830656637527953
15:41:00,0.7166012625831769,0.8125836680053548,0.6567335243553009,3.891443167305236,6.738738738738738,0.7856830122591943,11.045714285714286,0.043661547726588375,3.3176470588235296,12.439516129032258,1.3647358370464673,59.98765432098765
15:42:00,0.664789279471742,0.5857142857142857,0.03334433806536811,0.927,0.5572673317338048,0.006458022851465474,0.3974930362116992,0.524232633279483,4.287142857142857,1.3413530252501191,0.5514057910197231,0.49692748873412534
15:43:00,0.29339686861810754,0.7108725761772853,0.16269545793000745,4.350923482849605,0.9533542976939203,0.7426059152677857,0.2286745406824147,0.07959770114942528,17.879227053140095,3.423655913978495,0.7339760638297872,0.30165833113977364
15:44:00,16.150943396226417,2.1455938697318007,2.7217496962332928,4.862371888726208,0.644136078782453,0.5753323485967504,0.8135783644972313,31.672566371681416,2.2175,0.7277832837793194,6.550561797752809,0.8660874075995332
15:45:00,0.6907523510971787,1.1556836902800658,0.6638743455497382,0.7522076372315036,3.5386444708680145,0.29701834862385323,4.309368191721133,0.6600430696945967,0.3367720465890183,0.1959104938271605,0.34621189254452156,0.5883739198743126
15:46:00,1.8507462686567164,0.4411918452692107,1.7554991539763114,17.782608695652176,4.086436170212766,0.03758169934640523,0.8355649069115022,0.9002754820936639,2.187402799377916,0.37280306444344297,1.4348054679284963,0.3773540489642185
15:47:00,0.43258996452103393,2.1348684210526314,0.18135469774217042,3.3456669912366115,3.397777777777778,0.08954128440366972,0.22332942555685814,0.6811468288444831,0.8709608519207884,14.937226277372263,0.07901726427622842,0.8116045612553199
15:48:00,0.5364566677326511,1.848059454995871,2.355848434925865,39.48091603053435,3.58011583011583,1.4363341443633415,0.01091362644215778,0.4771249159004261,0.9141337386018237,3.6544417277913612,0.5453782154034044,0.39241385296415243
15:49:00,1.0318153462258266,0.806044957472661,3.4483450351053158,0.1910301331464611,1.3213321332133214,0.2145985401459854,0.6434358122143747,8.779527559055119,1.0585789871504157,0.717766063541815,0.5988156920799408,0.5647463456577816
15:50:00,0.28445006321112515,0.5048026998961579,0.6967886482449589,1.2154945468221137,0.5023041474654378,0.6992026636291948,0.7544481559751858,0.3194777511324274,0.08125410374261326,0.15052175625123057,0.9020446911055937,0.8923270343429678
15:51:00,0.844155280850141,0.7191601049868767,0.32798423423423423,inf,0.5098863738033461,0.3812617541460079,0.7270652670013692,0.6556640625,10.563492063492063,1.2174234034699152,10.065934065934066,0.7670182166826462
15:52:00,0.3092269326683292,0.7269431076537676,0.2853457172342621,356.05555555555554,0.52163953202978,0.534617700180614,0.22724550898203594,0.4531174246097159,0.07665383269163459,3.0371900826446283,0.5227023893862305,0.8257646662423721
15:53:00,1.0670419651995906,0.15464122440866626,0.22582103043085267,3.1640178003814365,4.127024722932651,0.18287314925970388,0.47959889349930845,0.3001345895020188,0.8585351447135263,0.24468345147885603,0.5035199463627221,0.8350709400657537
15:54:00,0.3661616161616162,5.944759206798867,0.7195467422096318,3.588235294117647,0.3351514561215545,0.47606973058637087,0.2994028230184582,0.37699371677138716,5.42248413417951,0.3182206203167979,9.204572803850782,0.7638186436487063
15:55:00,2.753564154786151,0.4337325546867267,0.09923154026060808,0.476410384423365,0.18627657335297831,0.018191841234840134,3.2744186046511627,0.18365929869228098,0.20951078699483439,1.3063836193917495,2.252577319587629,0.8725013743815283
15:56:00,0.5639328763885606,0.7301705256570713,2.7782139352306183,1.9598065880930795,1.3642782426778242,0.16423425087751709,0.062267507682354846,0.36576604716539124,0.08243229838309692,8.80280112044818,2.7075788061703556,0.9096933418781276
15:57:00,0.42025518341307816,0.834998334998335,0.09624156175880313,2.130434782608696,0.6877575757575758,0.10153576129881527,1.768108389786347,0.47840738891662504,0.13702215729242756,3.231965585704831,0.5332268197573656,0.879053386591075
15:58:00,0.5485328459742106,1.2162292318805683,1.1628405921476077,10.805375347544022,0.9603480006692321,0.3988707108730274,0.28310898827616154,1.2185886402753872,0.8259803921568627,3.5520296723676075,0.7069731156985117,0.8889221397600617
15:59:00,0.49786913516620745,0.35583768086145307,0.7706862091938708,1.452901339079575,0.379623952585326,0.4317394650760054,0.676340383669454,1.5386055217594758,0.0011725238576034914,0.5163389028537632,0.28951194184839046,0.8300245824507003
